FTX-F1	FFS-TX	fFS-F1	TX-F1-diet	TX-diet	FS-TX-diet	FS-F1-diet	F1-diet	CTX-F1	CFS-TX	CFS-F1	CFS-F1	ENSOARG00000017163	7	KRT86	synonym (from ensembl)
ENSOARG00000000123	ENSOARG00000000130	ENSOARG00000012206	ENSOARG00000000531	ENSOARG00000000345	ENSOARG00000000345	ENSOARG00000002559	ENSOARG00000000217	ENSOARG00000000468	ENSOARG00000001346	ENSOARG00000000936	ENSOARG00000000936	ENSOARG00000012224	5	Tyrosine protein kinase	blast
ENSOARG00000000304	ENSOARG00000000158	ENSOARG00000008913	ENSOARG00000000870	ENSOARG00000000531	ENSOARG00000000531	ENSOARG00000004833	ENSOARG00000000936	ENSOARG00000000531	ENSOARG00000002865	ENSOARG00000019163	ENSOARG00000019163	ENSOARG00000008913	5	CSRP3	
ENSOARG00000000327	ENSOARG00000000327	ENSOARG00000018427	ENSOARG00000000879	ENSOARG00000000549	ENSOARG00000001346	ENSOARG00000008913	ENSOARG00000001138	ENSOARG00000000656	ENSOARG00000019163		CFS-TX	ENSOARG00000000531	5	ARGHEF18	blast
ENSOARG00000000412	ENSOARG00000000345	ENSOARG00000002559	ENSOARG00000000936	ENSOARG00000000848	ENSOARG00000001554	ENSOARG00000011885	ENSOARG00000001933	ENSOARG00000000870			ENSOARG00000001346	ENSOARG00000012165	5	ADAMTSL5	
ENSOARG00000000465	ENSOARG00000000348	ENSOARG00000015262	ENSOARG00000001346	ENSOARG00000000870	ENSOARG00000001968	ENSOARG00000012206	ENSOARG00000003366	ENSOARG00000000936			ENSOARG00000002865	ENSOARG00000001346	5	CST6	
ENSOARG00000000522	ENSOARG00000000392	ENSOARG00000011501	ENSOARG00000001968	ENSOARG00000001346	ENSOARG00000002060		ENSOARG00000005450	ENSOARG00000001346			ENSOARG00000019163	ENSOARG00000005014	5	ABLIM3	
ENSOARG00000000675	ENSOARG00000000443	ENSOARG00000019883	ENSOARG00000002031	ENSOARG00000001554	ENSOARG00000002778		ENSOARG00000008660	ENSOARG00000001933			FS-F1-diet	ENSOARG00000012206	5	CA5A	
ENSOARG00000000684	ENSOARG00000000461	ENSOARG00000015874	ENSOARG00000003044	ENSOARG00000001587	ENSOARG00000003867		ENSOARG00000008786	ENSOARG00000003857			ENSOARG00000002559	ENSOARG00000005699	5	Ufc1	blast
ENSOARG00000000729	ENSOARG00000000465	ENSOARG00000007892	ENSOARG00000003121	ENSOARG00000001968	ENSOARG00000005014		ENSOARG00000008838	ENSOARG00000004326			ENSOARG00000004833	ENSOARG00000009233	5	CEACAM16	
ENSOARG00000000741	ENSOARG00000000484	ENSOARG00000007919	ENSOARG00000005014	ENSOARG00000001985	ENSOARG00000005526		ENSOARG00000008913	ENSOARG00000005124			ENSOARG00000008913	ENSOARG00000001968	5	MFAP5	
ENSOARG00000000778	ENSOARG00000000498	ENSOARG00000005833	ENSOARG00000005450	ENSOARG00000002489	ENSOARG00000005699		ENSOARG00000009097	ENSOARG00000005450			ENSOARG00000011885	ENSOARG00000010649	4	SEMA3F	
ENSOARG00000000858	ENSOARG00000000531	ENSOARG00000016918	ENSOARG00000005699	ENSOARG00000002562	ENSOARG00000005709		ENSOARG00000009563	ENSOARG00000006214			ENSOARG00000012206	ENSOARG00000001554	4	FBLN2	
ENSOARG00000001111	ENSOARG00000000549	ENSOARG00000006941	ENSOARG00000005854	ENSOARG00000002778	ENSOARG00000005722		ENSOARG00000010230	ENSOARG00000006480			F1-diet	ENSOARG00000002778	4		
ENSOARG00000001134	ENSOARG00000000612	ENSOARG00000018483	ENSOARG00000006408	ENSOARG00000002865	ENSOARG00000005888		ENSOARG00000012206	ENSOARG00000006935			ENSOARG00000000217	ENSOARG00000003121	4	WIF1	
ENSOARG00000001254	ENSOARG00000000684	ENSOARG00000021540	ENSOARG00000006557	ENSOARG00000002866	ENSOARG00000006087		ENSOARG00000012264	ENSOARG00000008443			ENSOARG00000000936	ENSOARG00000005722	4	EPAS1	
ENSOARG00000001395	ENSOARG00000000714	ENSOARG00000012936	ENSOARG00000006941	ENSOARG00000002973	ENSOARG00000006822		ENSOARG00000014731	ENSOARG00000008660			ENSOARG00000001138	ENSOARG00000018906	4	HHLA2	
ENSOARG00000001554	ENSOARG00000000729	ENSOARG00000011885	ENSOARG00000007322	ENSOARG00000003121	ENSOARG00000007549		ENSOARG00000015262	ENSOARG00000008693			ENSOARG00000001933	ENSOARG00000000936	4	LMOD2	
ENSOARG00000001587	ENSOARG00000000778	ENSOARG00000004833	ENSOARG00000007849	ENSOARG00000003437	ENSOARG00000009233		ENSOARG00000015547	ENSOARG00000008838			ENSOARG00000003366	ENSOARG00000006822	4	PLXNB3	
ENSOARG00000001637	ENSOARG00000000838	ENSOARG00000019103	ENSOARG00000007935	ENSOARG00000003601	ENSOARG00000010649		ENSOARG00000016786	ENSOARG00000008842			ENSOARG00000005450	ENSOARG00000006941	4	C170rf67	
ENSOARG00000001735	ENSOARG00000000848	ENSOARG00000006322	ENSOARG00000008330	ENSOARG00000003624	ENSOARG00000011304		ENSOARG00000016859	ENSOARG00000009178			ENSOARG00000008660	ENSOARG00000026322	4		
ENSOARG00000001745	ENSOARG00000000858	ENSOARG00000000130	ENSOARG00000008660	ENSOARG00000003895	ENSOARG00000011685		ENSOARG00000016979	ENSOARG00000009457			ENSOARG00000008786	ENSOARG00000014207	4		
ENSOARG00000001783	ENSOARG00000000899	ENSOARG00000019231	ENSOARG00000008867	ENSOARG00000004062	ENSOARG00000012165		ENSOARG00000017163	ENSOARG00000009600			ENSOARG00000008838	ENSOARG00000017011	4	CYP7B1	
ENSOARG00000001848	ENSOARG00000000950	ENSOARG00000018943	ENSOARG00000008913	ENSOARG00000004930	ENSOARG00000012224		ENSOARG00000018383	ENSOARG00000009822			ENSOARG00000008913	ENSOARG00000020469	4	CLDN16	
ENSOARG00000001968	ENSOARG00000001010	ENSOARG00000013575	ENSOARG00000009028	ENSOARG00000005014	ENSOARG00000012362		ENSOARG00000018592	ENSOARG00000010230			ENSOARG00000009097	ENSOARG00000020131	4	TSPAN2	
ENSOARG00000001985	ENSOARG00000001035	ENSOARG00000002356	ENSOARG00000009233	ENSOARG00000005078	ENSOARG00000013183		ENSOARG00000020481	ENSOARG00000010276			ENSOARG00000009563	ENSOARG00000013669	4	NPY1R	
ENSOARG00000002050	ENSOARG00000001060	ENSOARG00000016786	ENSOARG00000009752	ENSOARG00000005315	ENSOARG00000013669			ENSOARG00000010332			ENSOARG00000010230	ENSOARG00000016786	4	KRT86	
ENSOARG00000002053	ENSOARG00000001160	ENSOARG00000009276	ENSOARG00000009843	ENSOARG00000005471	ENSOARG00000014207			ENSOARG00000011052			ENSOARG00000012206	ENSOARG00000017823	4	DCBLD2	
ENSOARG00000002079	ENSOARG00000001254	ENSOARG00000011522	ENSOARG00000009884	ENSOARG00000005526	ENSOARG00000014509			ENSOARG00000012264			ENSOARG00000012264	ENSOARG00000014509	4	MGAM	
ENSOARG00000002489	ENSOARG00000001300	ENSOARG00000003849	ENSOARG00000010088	ENSOARG00000005699	ENSOARG00000016717			ENSOARG00000013905			ENSOARG00000014731	ENSOARG00000007029	3		
ENSOARG00000002539	ENSOARG00000001308	ENSOARG00000002587	ENSOARG00000010120	ENSOARG00000005709	ENSOARG00000017011			ENSOARG00000013936			ENSOARG00000015262	ENSOARG00000001985	3		
ENSOARG00000002639	ENSOARG00000001374	ENSOARG00000005238	ENSOARG00000010382	ENSOARG00000005722	ENSOARG00000017163			ENSOARG00000014019			ENSOARG00000015547	ENSOARG00000012848	3		
ENSOARG00000002674	ENSOARG00000001395	ENSOARG00000019095	ENSOARG00000010561	ENSOARG00000005780	ENSOARG00000017823			ENSOARG00000014283			ENSOARG00000016786	ENSOARG00000011304	3		
ENSOARG00000002688	ENSOARG00000001456	ENSOARG00000016846	ENSOARG00000010710	ENSOARG00000005888	ENSOARG00000018146			ENSOARG00000014514			ENSOARG00000016859	ENSOARG00000017490	3		
ENSOARG00000002693	ENSOARG00000001511	ENSOARG00000000072	ENSOARG00000011052	ENSOARG00000006314	ENSOARG00000018396			ENSOARG00000014616			ENSOARG00000016979	ENSOARG00000002489	3		
ENSOARG00000002746	ENSOARG00000001525	ENSOARG00000019613	ENSOARG00000011391	ENSOARG00000006737	ENSOARG00000019163			ENSOARG00000014731			ENSOARG00000017163	ENSOARG00000008842	3		
ENSOARG00000002778	ENSOARG00000001543	ENSOARG00000012070	ENSOARG00000011449	ENSOARG00000006822	ENSOARG00000019698			ENSOARG00000014745			ENSOARG00000018383	ENSOARG00000010088	3		
ENSOARG00000002790	ENSOARG00000001544	ENSOARG00000016427	ENSOARG00000011622	ENSOARG00000006867	ENSOARG00000020131			ENSOARG00000014856			ENSOARG00000018592	ENSOARG00000025935	3		
ENSOARG00000002798	ENSOARG00000001554	ENSOARG00000004315	ENSOARG00000012165	ENSOARG00000006909	ENSOARG00000020740			ENSOARG00000015190			ENSOARG00000020481	ENSOARG00000000870	3		
ENSOARG00000002887	ENSOARG00000001587	ENSOARG00000000229	ENSOARG00000012206	ENSOARG00000006941				ENSOARG00000015547			FS-TX-diet	ENSOARG00000012958	3		
ENSOARG00000002924	ENSOARG00000001673	ENSOARG00000014170	ENSOARG00000012224	ENSOARG00000007029				ENSOARG00000016372			ENSOARG00000000345	ENSOARG00000020178	3		
ENSOARG00000002991	ENSOARG00000001783	ENSOARG00000007580	ENSOARG00000012264	ENSOARG00000007044				ENSOARG00000016859			ENSOARG00000000531	ENSOARG00000011052	3		
ENSOARG00000003042	ENSOARG00000001827	ENSOARG00000022544	ENSOARG00000012695	ENSOARG00000007322				ENSOARG00000016979			ENSOARG00000001346	ENSOARG00000008351	3		
ENSOARG00000003044	ENSOARG00000001849	ENSOARG00000017996	ENSOARG00000012848	ENSOARG00000007549				ENSOARG00000017163			ENSOARG00000001554	ENSOARG00000018916	3		
ENSOARG00000003121	ENSOARG00000001968	ENSOARG00000019995	ENSOARG00000013019	ENSOARG00000008063				ENSOARG00000017187			ENSOARG00000001968	ENSOARG00000001587	3		
ENSOARG00000003213	ENSOARG00000001985	ENSOARG00000018321	ENSOARG00000014199	ENSOARG00000008186				ENSOARG00000017203			ENSOARG00000002060	ENSOARG00000003895	3		
ENSOARG00000003419	ENSOARG00000002035	ENSOARG00000006210	ENSOARG00000014283	ENSOARG00000008330				ENSOARG00000017975			ENSOARG00000002778	ENSOARG00000007322	3		
ENSOARG00000003577	ENSOARG00000002079	ENSOARG00000012501	ENSOARG00000014509	ENSOARG00000008351				ENSOARG00000018281			ENSOARG00000003867	ENSOARG00000005888	3		
ENSOARG00000003664	ENSOARG00000002145		ENSOARG00000014564	ENSOARG00000008367				ENSOARG00000018549			ENSOARG00000005014	ENSOARG00000007044	3		
ENSOARG00000003875	ENSOARG00000002211		ENSOARG00000014856	ENSOARG00000008480				ENSOARG00000019235			ENSOARG00000005526	ENSOARG00000018396	3		
ENSOARG00000003895	ENSOARG00000002307		ENSOARG00000015237	ENSOARG00000008637				ENSOARG00000019829			ENSOARG00000005699	ENSOARG00000006737	3		
ENSOARG00000004045	ENSOARG00000002402		ENSOARG00000016092	ENSOARG00000008775				ENSOARG00000020194			ENSOARG00000005709	ENSOARG00000005526	3		
ENSOARG00000004049	ENSOARG00000002489		ENSOARG00000016098	ENSOARG00000009233				ENSOARG00000020431			ENSOARG00000005722	ENSOARG00000008660	3		
ENSOARG00000004395	ENSOARG00000002539		ENSOARG00000016786	ENSOARG00000009463				ENSOARG00000020481			ENSOARG00000005888	ENSOARG00000002559	3		
ENSOARG00000004415	ENSOARG00000002559		ENSOARG00000017123	ENSOARG00000009518				ENSOARG00000023487			ENSOARG00000006087	ENSOARG00000008330	3		
ENSOARG00000004730	ENSOARG00000002564		ENSOARG00000017163	ENSOARG00000009752				ENSOARG00000024669			ENSOARG00000006822	ENSOARG00000011885	3		
ENSOARG00000004829	ENSOARG00000002674		ENSOARG00000017490	ENSOARG00000009798				ENSOARG00000025788			ENSOARG00000007549	ENSOARG00000019698	3		
ENSOARG00000004833	ENSOARG00000002688		ENSOARG00000018362	ENSOARG00000009958				ENSOARG00000026516			ENSOARG00000009233	ENSOARG00000012362	3		
ENSOARG00000004881	ENSOARG00000002724		ENSOARG00000018795	ENSOARG00000010026							ENSOARG00000010649	ENSOARG00000020481	3		
ENSOARG00000004969	ENSOARG00000002746		ENSOARG00000018906	ENSOARG00000010638							ENSOARG00000011304	ENSOARG00000000345	3		
ENSOARG00000005014	ENSOARG00000002778		ENSOARG00000020289	ENSOARG00000010649							ENSOARG00000011685	ENSOARG00000012264	3		
ENSOARG00000005083	ENSOARG00000002815		ENSOARG00000020469	ENSOARG00000010816							ENSOARG00000012165	ENSOARG00000019163	3		
ENSOARG00000005230	ENSOARG00000002844		ENSOARG00000020481	ENSOARG00000011052							ENSOARG00000012224	ENSOARG00000005709	3		
ENSOARG00000005318	ENSOARG00000002887		ENSOARG00000020838	ENSOARG00000011180							ENSOARG00000012362	ENSOARG00000005450	3		
ENSOARG00000005500	ENSOARG00000002898		ENSOARG00000023487	ENSOARG00000011356							ENSOARG00000013183	ENSOARG00000009752	3		
ENSOARG00000005503	ENSOARG00000002924		ENSOARG00000024669	ENSOARG00000011449							ENSOARG00000013669	ENSOARG00000015262	3		
ENSOARG00000005655	ENSOARG00000003030		ENSOARG00000025214	ENSOARG00000011789							ENSOARG00000014207	ENSOARG00000007549	3		
ENSOARG00000005699	ENSOARG00000003121		ENSOARG00000025549	ENSOARG00000011915							ENSOARG00000014509	ENSOARG00000004833	3		
ENSOARG00000005722	ENSOARG00000003213		ENSOARG00000026322	ENSOARG00000012056							ENSOARG00000016717	ENSOARG00000018795	3		
ENSOARG00000005800	ENSOARG00000003221			ENSOARG00000012149							ENSOARG00000017011	ENSOARG00000018146	3		
ENSOARG00000005849	ENSOARG00000003319			ENSOARG00000012165							ENSOARG00000017163	ENSOARG00000012149	3		
ENSOARG00000005854	ENSOARG00000003365			ENSOARG00000012224							ENSOARG00000017823	ENSOARG00000015034	3		
ENSOARG00000005916	ENSOARG00000003401			ENSOARG00000012362							ENSOARG00000018146	ENSOARG00000020158	3		
ENSOARG00000006008	ENSOARG00000003449			ENSOARG00000012437							ENSOARG00000018396	ENSOARG00000025214	3		
ENSOARG00000006085	ENSOARG00000003452			ENSOARG00000012848							ENSOARG00000019163	ENSOARG00000009463	3		
ENSOARG00000006218	ENSOARG00000003492			ENSOARG00000012958							ENSOARG00000019698	ENSOARG00000011449	3		
ENSOARG00000006408	ENSOARG00000003517			ENSOARG00000013047							ENSOARG00000020131	ENSOARG00000017237	3		
ENSOARG00000006427	ENSOARG00000003601			ENSOARG00000013449							ENSOARG00000020740	ENSOARG00000008063	3		
ENSOARG00000006451	ENSOARG00000003647			ENSOARG00000013545							fFS-F1	ENSOARG00000020689	3		
ENSOARG00000006489	ENSOARG00000003701			ENSOARG00000013669							ENSOARG00000012206	ENSOARG00000000778	2		
ENSOARG00000006517	ENSOARG00000003722			ENSOARG00000013716							ENSOARG00000008913	ENSOARG00000009194	2		
ENSOARG00000006557	ENSOARG00000003729			ENSOARG00000013724							ENSOARG00000018427	ENSOARG00000021185	2		
ENSOARG00000006659	ENSOARG00000003778			ENSOARG00000014199							ENSOARG00000002559	ENSOARG00000020451	2		
ENSOARG00000006716	ENSOARG00000003820			ENSOARG00000014207							ENSOARG00000015262	ENSOARG00000019329	2		
ENSOARG00000006737	ENSOARG00000003828			ENSOARG00000014661							ENSOARG00000011501	ENSOARG00000019122	2		
ENSOARG00000006822	ENSOARG00000003856			ENSOARG00000014729							ENSOARG00000019883	ENSOARG00000018568	2		
ENSOARG00000006855	ENSOARG00000003867			ENSOARG00000014766							ENSOARG00000015874	ENSOARG00000020371	2		
ENSOARG00000006901	ENSOARG00000003895			ENSOARG00000014836							ENSOARG00000007892	ENSOARG00000020522	2		
ENSOARG00000006941	ENSOARG00000003963			ENSOARG00000015034							ENSOARG00000007919	ENSOARG00000015830	2		
ENSOARG00000007029	ENSOARG00000004049			ENSOARG00000015579							ENSOARG00000005833	ENSOARG00000019102	2		
ENSOARG00000007044	ENSOARG00000004145			ENSOARG00000015752							ENSOARG00000016918	ENSOARG00000010770	2		
ENSOARG00000007200	ENSOARG00000004190			ENSOARG00000016178							ENSOARG00000006941	ENSOARG00000026946	2		
ENSOARG00000007283	ENSOARG00000004211			ENSOARG00000016212							ENSOARG00000018483	ENSOARG00000015578	2		
ENSOARG00000007318	ENSOARG00000004239			ENSOARG00000016305							ENSOARG00000021540	ENSOARG00000017532	2		
ENSOARG00000007322	ENSOARG00000004247			ENSOARG00000016359							ENSOARG00000012936	ENSOARG00000016391	2		
ENSOARG00000007449	ENSOARG00000004299			ENSOARG00000017011							ENSOARG00000011885	ENSOARG00000017242	2		
ENSOARG00000007515	ENSOARG00000004394			ENSOARG00000017123							ENSOARG00000004833	ENSOARG00000005503	2		
ENSOARG00000007579	ENSOARG00000004438			ENSOARG00000017163							ENSOARG00000019103	ENSOARG00000002887	2		
ENSOARG00000007656	ENSOARG00000004454			ENSOARG00000017237							ENSOARG00000006322	ENSOARG00000015267	2		
ENSOARG00000007676	ENSOARG00000004493			ENSOARG00000017490							ENSOARG00000000130	ENSOARG00000009764	2		
ENSOARG00000007720	ENSOARG00000004611			ENSOARG00000017805							ENSOARG00000019231	ENSOARG00000014986	2		
ENSOARG00000007828	ENSOARG00000004758			ENSOARG00000017823							ENSOARG00000018943	ENSOARG00000012024	2		
ENSOARG00000007849	ENSOARG00000004829			ENSOARG00000018146							ENSOARG00000013575	ENSOARG00000014841	2		
ENSOARG00000007892	ENSOARG00000004881			ENSOARG00000018277							ENSOARG00000002356	ENSOARG00000014123	2		
ENSOARG00000007919	ENSOARG00000004915			ENSOARG00000018362							ENSOARG00000016786	ENSOARG00000014717	2		
ENSOARG00000008063	ENSOARG00000004942			ENSOARG00000018396							ENSOARG00000009276	ENSOARG00000011939	2		
ENSOARG00000008330	ENSOARG00000004944			ENSOARG00000018906							ENSOARG00000011522	ENSOARG00000013790	2		
ENSOARG00000008337	ENSOARG00000004969			ENSOARG00000018916							ENSOARG00000003849	ENSOARG00000008961	2		
ENSOARG00000008351	ENSOARG00000005014			ENSOARG00000018930							ENSOARG00000002587	ENSOARG00000010597	2		
ENSOARG00000008455	ENSOARG00000005098			ENSOARG00000019698							ENSOARG00000005238	ENSOARG00000007656	2		
ENSOARG00000008574	ENSOARG00000005106			ENSOARG00000020131							ENSOARG00000019095	ENSOARG00000013521	2		
ENSOARG00000008656	ENSOARG00000005149			ENSOARG00000020158							ENSOARG00000016846	ENSOARG00000002688	2		
ENSOARG00000008659	ENSOARG00000005169			ENSOARG00000020178							ENSOARG00000000072	ENSOARG00000005230	2		
ENSOARG00000008743	ENSOARG00000005228			ENSOARG00000020469							ENSOARG00000019613	ENSOARG00000005916	2		
ENSOARG00000008842	ENSOARG00000005230			ENSOARG00000020626							ENSOARG00000012070	ENSOARG00000009443	2		
ENSOARG00000008861	ENSOARG00000005238			ENSOARG00000020689							ENSOARG00000016427	ENSOARG00000010485	2		
ENSOARG00000008913	ENSOARG00000005247			ENSOARG00000021020							ENSOARG00000004315	ENSOARG00000006517	2		
ENSOARG00000008961	ENSOARG00000005263			ENSOARG00000025935							ENSOARG00000000229	ENSOARG00000008743	2		
ENSOARG00000008967	ENSOARG00000005318			ENSOARG00000026322							ENSOARG00000014170	ENSOARG00000005655	2		
ENSOARG00000009194	ENSOARG00000005367										ENSOARG00000007580	ENSOARG00000009469	2		
ENSOARG00000009225	ENSOARG00000005448										ENSOARG00000022544	ENSOARG00000018268	2		
ENSOARG00000009233	ENSOARG00000005462										ENSOARG00000017996	ENSOARG00000015752	2		
ENSOARG00000009344	ENSOARG00000005471										ENSOARG00000019995	ENSOARG00000004969	2		
ENSOARG00000009443	ENSOARG00000005484										ENSOARG00000018321	ENSOARG00000020215	2		
ENSOARG00000009463	ENSOARG00000005503										ENSOARG00000006210	ENSOARG00000017791	2		
ENSOARG00000009469	ENSOARG00000005513										ENSOARG00000012501	ENSOARG00000019786	2		
ENSOARG00000009566	ENSOARG00000005526										CTX-F1	ENSOARG00000001254	2		
ENSOARG00000009722	ENSOARG00000005655										ENSOARG00000000468	ENSOARG00000005854	2		
ENSOARG00000009750	ENSOARG00000005699										ENSOARG00000000531	ENSOARG00000019400	2		
ENSOARG00000009752	ENSOARG00000005709										ENSOARG00000000656	ENSOARG00000016834	2		
ENSOARG00000009764	ENSOARG00000005722										ENSOARG00000000870	ENSOARG00000017964	2		
ENSOARG00000009843	ENSOARG00000005766										ENSOARG00000000936	ENSOARG00000000327	2		
ENSOARG00000009962	ENSOARG00000005783										ENSOARG00000001346	ENSOARG00000002865	2		
ENSOARG00000009995	ENSOARG00000005812										ENSOARG00000001933	ENSOARG00000000549	2		
ENSOARG00000010088	ENSOARG00000005821										ENSOARG00000003857	ENSOARG00000014836	2		
ENSOARG00000010107	ENSOARG00000005888										ENSOARG00000004326	ENSOARG00000015579	2		
ENSOARG00000010155	ENSOARG00000005916										ENSOARG00000005124	ENSOARG00000020838	2		
ENSOARG00000010208	ENSOARG00000006002										ENSOARG00000005450	ENSOARG00000014731	2		
ENSOARG00000010382	ENSOARG00000006033										ENSOARG00000006214	ENSOARG00000006557	2		
ENSOARG00000010485	ENSOARG00000006041										ENSOARG00000006480	ENSOARG00000016979	2		
ENSOARG00000010496	ENSOARG00000006043										ENSOARG00000006935	ENSOARG00000018362	2		
ENSOARG00000010561	ENSOARG00000006068										ENSOARG00000008443	ENSOARG00000011391	2		
ENSOARG00000010597	ENSOARG00000006085										ENSOARG00000008660	ENSOARG00000011501	2		
ENSOARG00000010603	ENSOARG00000006087										ENSOARG00000008693	ENSOARG00000014283	2		
ENSOARG00000010649	ENSOARG00000006146										ENSOARG00000008838	ENSOARG00000014856	2		
ENSOARG00000010691	ENSOARG00000006175										ENSOARG00000008842	ENSOARG00000010710	2		
ENSOARG00000010704	ENSOARG00000006211										ENSOARG00000009178	ENSOARG00000007849	2		
ENSOARG00000010710	ENSOARG00000006275										ENSOARG00000009457	ENSOARG00000008838	2		
ENSOARG00000010770	ENSOARG00000006407										ENSOARG00000009600	ENSOARG00000023487	2		
ENSOARG00000010842	ENSOARG00000006447										ENSOARG00000009822	ENSOARG00000011685	2		
ENSOARG00000010855	ENSOARG00000006517										ENSOARG00000010230	ENSOARG00000014199	2		
ENSOARG00000010864	ENSOARG00000006521										ENSOARG00000010276	ENSOARG00000010561	2		
ENSOARG00000010890	ENSOARG00000006569										ENSOARG00000010332	ENSOARG00000001933	2		
ENSOARG00000010949	ENSOARG00000006577										ENSOARG00000011052	ENSOARG00000016717	2		
ENSOARG00000011081	ENSOARG00000006586										ENSOARG00000012264	ENSOARG00000008786	2		
ENSOARG00000011221	ENSOARG00000006675										ENSOARG00000013905	ENSOARG00000016305	2		
ENSOARG00000011225	ENSOARG00000006714										ENSOARG00000013936	ENSOARG00000016098	2		
ENSOARG00000011304	ENSOARG00000006737										ENSOARG00000014019	ENSOARG00000015547	2		
ENSOARG00000011328	ENSOARG00000006756										ENSOARG00000014283	ENSOARG00000007892	2		
ENSOARG00000011391	ENSOARG00000006822										ENSOARG00000014514	ENSOARG00000013019	2		
ENSOARG00000011433	ENSOARG00000006901										ENSOARG00000014616	ENSOARG00000006408	2		
ENSOARG00000011449	ENSOARG00000006911										ENSOARG00000014731	ENSOARG00000005238	2		
ENSOARG00000011522	ENSOARG00000006979										ENSOARG00000014745	ENSOARG00000003044	2		
ENSOARG00000011575	ENSOARG00000006993										ENSOARG00000014856	ENSOARG00000009843	2		
ENSOARG00000011582	ENSOARG00000006999										ENSOARG00000015190	ENSOARG00000003601	2		
ENSOARG00000011615	ENSOARG00000007029										ENSOARG00000015547	ENSOARG00000007580	2		
ENSOARG00000011708	ENSOARG00000007044										ENSOARG00000016372	ENSOARG00000011522	2		
ENSOARG00000011939	ENSOARG00000007200										ENSOARG00000016859	ENSOARG00000000130	2		
ENSOARG00000011945	ENSOARG00000007244										ENSOARG00000016979	ENSOARG00000010382	2		
ENSOARG00000011991	ENSOARG00000007252										ENSOARG00000017163	ENSOARG00000016859	2		
ENSOARG00000012018	ENSOARG00000007262										ENSOARG00000017187	ENSOARG00000025549	2		
ENSOARG00000012024	ENSOARG00000007287										ENSOARG00000017203	ENSOARG00000024669	2		
ENSOARG00000012043	ENSOARG00000007329										ENSOARG00000017975	ENSOARG00000007919	2		
ENSOARG00000012094	ENSOARG00000007414										ENSOARG00000018281	ENSOARG00000012936	2		
ENSOARG00000012134	ENSOARG00000007432										ENSOARG00000018549	ENSOARG00000003867	2		
ENSOARG00000012149	ENSOARG00000007494										ENSOARG00000019235	ENSOARG00000013183	2		
ENSOARG00000012165	ENSOARG00000007510										ENSOARG00000019829	ENSOARG00000006087	2		
ENSOARG00000012206	ENSOARG00000007534										ENSOARG00000020194	ENSOARG00000005471	2		
ENSOARG00000012224	ENSOARG00000007549										ENSOARG00000020431	ENSOARG00000000848	2		
ENSOARG00000012659	ENSOARG00000007579										ENSOARG00000020481	ENSOARG00000013724	2		
ENSOARG00000012668	ENSOARG00000007580										ENSOARG00000023487	ENSOARG00000014661	2		
ENSOARG00000012705	ENSOARG00000007622										ENSOARG00000024669	ENSOARG00000018427	2		
ENSOARG00000012848	ENSOARG00000007648										ENSOARG00000025788	ENSOARG00000019883	2		
ENSOARG00000012893	ENSOARG00000007656										ENSOARG00000026516	ENSOARG00000014729	2		
ENSOARG00000012958	ENSOARG00000007666										TX-F1-diet	ENSOARG00000000684	2		
ENSOARG00000013019	ENSOARG00000007696										ENSOARG00000000531	ENSOARG00000000858	2		
ENSOARG00000013044	ENSOARG00000007720										ENSOARG00000000870	ENSOARG00000020626	2		
ENSOARG00000013100	ENSOARG00000007738										ENSOARG00000000879	ENSOARG00000001395	2		
ENSOARG00000013211	ENSOARG00000007745										ENSOARG00000000936	ENSOARG00000017123	2		
ENSOARG00000013273	ENSOARG00000007753										ENSOARG00000001346	ENSOARG00000002079	2		
ENSOARG00000013430	ENSOARG00000007775										ENSOARG00000001968	ENSOARG00000007579	2		
ENSOARG00000013521	ENSOARG00000007806										ENSOARG00000002031	ENSOARG00000002746	2		
ENSOARG00000013538	ENSOARG00000008011										ENSOARG00000003044	ENSOARG00000005318	2		
ENSOARG00000013545	ENSOARG00000008063										ENSOARG00000003121	ENSOARG00000013545	2		
ENSOARG00000013628	ENSOARG00000008076										ENSOARG00000005014	ENSOARG00000004049	2		
ENSOARG00000013669	ENSOARG00000008189										ENSOARG00000005450	ENSOARG00000010230	2		
ENSOARG00000013694	ENSOARG00000008243										ENSOARG00000005699	ENSOARG00000004881	2		
ENSOARG00000013714	ENSOARG00000008285										ENSOARG00000005854	ENSOARG00000017882	2		
ENSOARG00000013724	ENSOARG00000008313										ENSOARG00000006408	ENSOARG00000007720	2		
ENSOARG00000013790	ENSOARG00000008351										ENSOARG00000006557	ENSOARG00000011582	2		
ENSOARG00000014073	ENSOARG00000008399										ENSOARG00000006941	ENSOARG00000010691	2		
ENSOARG00000014123	ENSOARG00000008460										ENSOARG00000007322	ENSOARG00000006085	2		
ENSOARG00000014207	ENSOARG00000008468										ENSOARG00000007849	ENSOARG00000018091	2		
ENSOARG00000014226	ENSOARG00000008491										ENSOARG00000007935	ENSOARG00000001783	2		
ENSOARG00000014232	ENSOARG00000008648										ENSOARG00000008330	ENSOARG00000009225	2		
ENSOARG00000014509	ENSOARG00000008650										ENSOARG00000008660	ENSOARG00000013628	2		
ENSOARG00000014586	ENSOARG00000008705										ENSOARG00000008867	ENSOARG00000009750	2		
ENSOARG00000014717	ENSOARG00000008743										ENSOARG00000008913	ENSOARG00000013044	2		
ENSOARG00000014729	ENSOARG00000008752										ENSOARG00000009028	ENSOARG00000010208	2		
ENSOARG00000014801	ENSOARG00000008786										ENSOARG00000009233	ENSOARG00000004829	2		
ENSOARG00000014841	ENSOARG00000008842										ENSOARG00000009752	ENSOARG00000010496	2		
ENSOARG00000014898	ENSOARG00000008896										ENSOARG00000009843	ENSOARG00000007200	2		
ENSOARG00000014986	ENSOARG00000008899										ENSOARG00000009884	ENSOARG00000011615	2		
ENSOARG00000015034	ENSOARG00000008961										ENSOARG00000010088	ENSOARG00000010603	2		
ENSOARG00000015132	ENSOARG00000008976										ENSOARG00000010120	ENSOARG00000012893	2		
ENSOARG00000015262	ENSOARG00000008988										ENSOARG00000010382	ENSOARG00000013538	2		
ENSOARG00000015267	ENSOARG00000009063										ENSOARG00000010561	ENSOARG00000011945	2		
ENSOARG00000015424	ENSOARG00000009079										ENSOARG00000010710	ENSOARG00000013694	2		
ENSOARG00000015432	ENSOARG00000009107										ENSOARG00000011052	ENSOARG00000013100	2		
ENSOARG00000015522	ENSOARG00000009154										ENSOARG00000011391	ENSOARG00000014073	2		
ENSOARG00000015578	ENSOARG00000009170										ENSOARG00000011449	ENSOARG00000014586	2		
ENSOARG00000015700	ENSOARG00000009194										ENSOARG00000011622	ENSOARG00000006901	2		
ENSOARG00000015830	ENSOARG00000009225										ENSOARG00000012165	ENSOARG00000014801	2		
ENSOARG00000015892	ENSOARG00000009226										ENSOARG00000012206	ENSOARG00000002924	2		
ENSOARG00000015895	ENSOARG00000009230										ENSOARG00000012224	ENSOARG00000014898	2		
ENSOARG00000015928	ENSOARG00000009233										ENSOARG00000012264	ENSOARG00000000729	2		
ENSOARG00000016098	ENSOARG00000009246										ENSOARG00000012695	ENSOARG00000015132	2		
ENSOARG00000016225	ENSOARG00000009325										ENSOARG00000012848	ENSOARG00000011081	2		
ENSOARG00000016322	ENSOARG00000009333										ENSOARG00000013019	ENSOARG00000003213	2		
ENSOARG00000016391	ENSOARG00000009347										ENSOARG00000014199	ENSOARG00000015700	2		
ENSOARG00000016626	ENSOARG00000009410										ENSOARG00000014283	ENSOARG00000017251	2		
ENSOARG00000016786	ENSOARG00000009443										ENSOARG00000014509	ENSOARG00000000465	2		
ENSOARG00000016825	ENSOARG00000009454										ENSOARG00000014564	ENSOARG00000010704	2		
ENSOARG00000016834	ENSOARG00000009463										ENSOARG00000014856	ENSOARG00000002674	2		
ENSOARG00000016842	ENSOARG00000009469										ENSOARG00000015237	ENSOARG00000015432	2		
ENSOARG00000017011	ENSOARG00000009508										ENSOARG00000016092	ENSOARG00000015424	2		
ENSOARG00000017040	ENSOARG00000009610										ENSOARG00000016098	ENSOARG00000018245	2		
ENSOARG00000017163	ENSOARG00000009670										ENSOARG00000016786	ENSOARG00000002539	2		
ENSOARG00000017181	ENSOARG00000009671										ENSOARG00000017123	ENSOARG00000018022	2		
ENSOARG00000017237	ENSOARG00000009748										ENSOARG00000017163	ENSOARG00000015973	1		
ENSOARG00000017242	ENSOARG00000009750										ENSOARG00000017490	ENSOARG00000015908	1		
ENSOARG00000017251	ENSOARG00000009753										ENSOARG00000018362	ENSOARG00000015853	1		
ENSOARG00000017490	ENSOARG00000009764										ENSOARG00000018795	ENSOARG00000015673	1		
ENSOARG00000017532	ENSOARG00000009837										ENSOARG00000018906	ENSOARG00000015628	1		
ENSOARG00000017791	ENSOARG00000009845										ENSOARG00000020289	ENSOARG00000015469	1		
ENSOARG00000017823	ENSOARG00000009901										ENSOARG00000020469	ENSOARG00000015462	1		
ENSOARG00000017882	ENSOARG00000009903										ENSOARG00000020481	ENSOARG00000015422	1		
ENSOARG00000017948	ENSOARG00000009948										ENSOARG00000020838	ENSOARG00000015403	1		
ENSOARG00000017964	ENSOARG00000010088										ENSOARG00000023487	ENSOARG00000015346	1		
ENSOARG00000018022	ENSOARG00000010127										ENSOARG00000024669	ENSOARG00000015194	1		
ENSOARG00000018049	ENSOARG00000010208										ENSOARG00000025214	ENSOARG00000015152	1		
ENSOARG00000018091	ENSOARG00000010267										ENSOARG00000025549	ENSOARG00000015118	1		
ENSOARG00000018245	ENSOARG00000010270										ENSOARG00000026322	ENSOARG00000015044	1		
ENSOARG00000018258	ENSOARG00000010319										TX-diet	ENSOARG00000014779	1		
ENSOARG00000018268	ENSOARG00000010336										ENSOARG00000000345	ENSOARG00000014718	1		
ENSOARG00000018438	ENSOARG00000010384										ENSOARG00000000531	ENSOARG00000014701	1		
ENSOARG00000018504	ENSOARG00000010434										ENSOARG00000000549	ENSOARG00000014488	1		
ENSOARG00000018568	ENSOARG00000010485										ENSOARG00000000848	ENSOARG00000014336	1		
ENSOARG00000018795	ENSOARG00000010496										ENSOARG00000000870	ENSOARG00000014212	1		
ENSOARG00000018906	ENSOARG00000010509										ENSOARG00000001346	ENSOARG00000014116	1		
ENSOARG00000018916	ENSOARG00000010543										ENSOARG00000001554	ENSOARG00000014011	1		
ENSOARG00000019102	ENSOARG00000010597										ENSOARG00000001587	ENSOARG00000013891	1		
ENSOARG00000019122	ENSOARG00000010603										ENSOARG00000001968	ENSOARG00000013832	1		
ENSOARG00000019213	ENSOARG00000010622										ENSOARG00000001985	ENSOARG00000013727	1		
ENSOARG00000019329	ENSOARG00000010633										ENSOARG00000002489	ENSOARG00000013608	1		
ENSOARG00000019333	ENSOARG00000010649										ENSOARG00000002562	ENSOARG00000013529	1		
ENSOARG00000019400	ENSOARG00000010670										ENSOARG00000002778	ENSOARG00000013410	1		
ENSOARG00000019768	ENSOARG00000010691										ENSOARG00000002865	ENSOARG00000013370	1		
ENSOARG00000019786	ENSOARG00000010704										ENSOARG00000002866	ENSOARG00000013326	1		
ENSOARG00000019884	ENSOARG00000010726										ENSOARG00000002973	ENSOARG00000013090	1		
ENSOARG00000019994	ENSOARG00000010770										ENSOARG00000003121	ENSOARG00000013063	1		
ENSOARG00000020008	ENSOARG00000010797										ENSOARG00000003437	ENSOARG00000012852	1		
ENSOARG00000020032	ENSOARG00000010808										ENSOARG00000003601	ENSOARG00000012634	1		
ENSOARG00000020121	ENSOARG00000010839										ENSOARG00000003624	ENSOARG00000012439	1		
ENSOARG00000020131	ENSOARG00000010854										ENSOARG00000003895	ENSOARG00000012368	1		
ENSOARG00000020158	ENSOARG00000010881										ENSOARG00000004062	ENSOARG00000012105	1		
ENSOARG00000020178	ENSOARG00000010884										ENSOARG00000004930	ENSOARG00000012074	1		
ENSOARG00000020185	ENSOARG00000010934										ENSOARG00000005014	ENSOARG00000012021	1		
ENSOARG00000020198	ENSOARG00000010952										ENSOARG00000005078	ENSOARG00000011920	1		
ENSOARG00000020214	ENSOARG00000010998										ENSOARG00000005315	ENSOARG00000011846	1		
ENSOARG00000020215	ENSOARG00000011003										ENSOARG00000005471	ENSOARG00000011836	1		
ENSOARG00000020371	ENSOARG00000011072										ENSOARG00000005526	ENSOARG00000011817	1		
ENSOARG00000020393	ENSOARG00000011081										ENSOARG00000005699	ENSOARG00000011798	1		
ENSOARG00000020439	ENSOARG00000011110										ENSOARG00000005709	ENSOARG00000011792	1		
ENSOARG00000020451	ENSOARG00000011235										ENSOARG00000005722	ENSOARG00000011780	1		
ENSOARG00000020463	ENSOARG00000011304										ENSOARG00000005780	ENSOARG00000011725	1		
ENSOARG00000020469	ENSOARG00000011400										ENSOARG00000005888	ENSOARG00000011649	1		
ENSOARG00000020515	ENSOARG00000011407										ENSOARG00000006314	ENSOARG00000011549	1		
ENSOARG00000020522	ENSOARG00000011416										ENSOARG00000006737	ENSOARG00000011416	1		
ENSOARG00000020543	ENSOARG00000011501										ENSOARG00000006822	ENSOARG00000011400	1		
ENSOARG00000020689	ENSOARG00000011530										ENSOARG00000006867	ENSOARG00000011110	1		
ENSOARG00000020727	ENSOARG00000011549										ENSOARG00000006909	ENSOARG00000011003	1		
ENSOARG00000020838	ENSOARG00000011582										ENSOARG00000006941	ENSOARG00000010952	1		
ENSOARG00000021018	ENSOARG00000011615										ENSOARG00000007029	ENSOARG00000010884	1		
ENSOARG00000021037	ENSOARG00000011624										ENSOARG00000007044	ENSOARG00000010854	1		
ENSOARG00000021138	ENSOARG00000011649										ENSOARG00000007322	ENSOARG00000010808	1		
ENSOARG00000021185	ENSOARG00000011685										ENSOARG00000007549	ENSOARG00000010726	1		
ENSOARG00000021920	ENSOARG00000011716										ENSOARG00000008063	ENSOARG00000010633	1		
ENSOARG00000025214	ENSOARG00000011725										ENSOARG00000008186	ENSOARG00000010543	1		
ENSOARG00000025296	ENSOARG00000011764										ENSOARG00000008330	ENSOARG00000010434	1		
ENSOARG00000025412	ENSOARG00000011780										ENSOARG00000008351	ENSOARG00000010336	1		
ENSOARG00000025549	ENSOARG00000011782										ENSOARG00000008367	ENSOARG00000010270	1		
ENSOARG00000025717	ENSOARG00000011792										ENSOARG00000008480	ENSOARG00000010127	1		
ENSOARG00000025935	ENSOARG00000011794										ENSOARG00000008637	ENSOARG00000009903	1		
ENSOARG00000026322	ENSOARG00000011798										ENSOARG00000008775	ENSOARG00000009845	1		
ENSOARG00000026946	ENSOARG00000011809										ENSOARG00000009233	ENSOARG00000009753	1		
	ENSOARG00000011817										ENSOARG00000009463	ENSOARG00000009671	1		
	ENSOARG00000011825										ENSOARG00000009518	ENSOARG00000009610	1		
	ENSOARG00000011836										ENSOARG00000009752	ENSOARG00000009454	1		
	ENSOARG00000011840										ENSOARG00000009798	ENSOARG00000009347	1		
	ENSOARG00000011846										ENSOARG00000009958	ENSOARG00000009325	1		
	ENSOARG00000011852										ENSOARG00000010026	ENSOARG00000009230	1		
	ENSOARG00000011885										ENSOARG00000010638	ENSOARG00000009170	1		
	ENSOARG00000011920										ENSOARG00000010649	ENSOARG00000009107	1		
	ENSOARG00000011939										ENSOARG00000010816	ENSOARG00000009063	1		
	ENSOARG00000011945										ENSOARG00000011052	ENSOARG00000008976	1		
	ENSOARG00000012013										ENSOARG00000011180	ENSOARG00000008896	1		
	ENSOARG00000012021										ENSOARG00000011356	ENSOARG00000008705	1		
	ENSOARG00000012024										ENSOARG00000011449	ENSOARG00000008648	1		
	ENSOARG00000012029										ENSOARG00000011789	ENSOARG00000008468	1		
	ENSOARG00000012074										ENSOARG00000011915	ENSOARG00000008399	1		
	ENSOARG00000012080										ENSOARG00000012056	ENSOARG00000008285	1		
	ENSOARG00000012105										ENSOARG00000012149	ENSOARG00000008189	1		
	ENSOARG00000012130										ENSOARG00000012165	ENSOARG00000008011	1		
	ENSOARG00000012149										ENSOARG00000012224	ENSOARG00000007775	1		
	ENSOARG00000012165										ENSOARG00000012362	ENSOARG00000007745	1		
	ENSOARG00000012224										ENSOARG00000012437	ENSOARG00000007696	1		
	ENSOARG00000012362										ENSOARG00000012848	ENSOARG00000007648	1		
	ENSOARG00000012368										ENSOARG00000012958	ENSOARG00000007534	1		
	ENSOARG00000012406										ENSOARG00000013047	ENSOARG00000007494	1		
	ENSOARG00000012439										ENSOARG00000013449	ENSOARG00000007414	1		
	ENSOARG00000012449										ENSOARG00000013545	ENSOARG00000007287	1		
	ENSOARG00000012634										ENSOARG00000013669	ENSOARG00000007252	1		
	ENSOARG00000012717										ENSOARG00000013716	ENSOARG00000006999	1		
	ENSOARG00000012852										ENSOARG00000013724	ENSOARG00000006979	1		
	ENSOARG00000012893										ENSOARG00000014199	ENSOARG00000006756	1		
	ENSOARG00000012936										ENSOARG00000014207	ENSOARG00000006675	1		
	ENSOARG00000012954										ENSOARG00000014661	ENSOARG00000006577	1		
	ENSOARG00000012958										ENSOARG00000014729	ENSOARG00000006521	1		
	ENSOARG00000013044										ENSOARG00000014766	ENSOARG00000006407	1		
	ENSOARG00000013063										ENSOARG00000014836	ENSOARG00000006211	1		
	ENSOARG00000013075										ENSOARG00000015034	ENSOARG00000006146	1		
	ENSOARG00000013090										ENSOARG00000015579	ENSOARG00000006043	1		
	ENSOARG00000013100										ENSOARG00000015752	ENSOARG00000006033	1		
	ENSOARG00000013104										ENSOARG00000016178	ENSOARG00000005821	1		
	ENSOARG00000013183										ENSOARG00000016212	ENSOARG00000005783	1		
	ENSOARG00000013326										ENSOARG00000016305	ENSOARG00000005513	1		
	ENSOARG00000013358										ENSOARG00000016359	ENSOARG00000005462	1		
	ENSOARG00000013370										ENSOARG00000017011	ENSOARG00000005367	1		
	ENSOARG00000013375										ENSOARG00000017123	ENSOARG00000005247	1		
	ENSOARG00000013410										ENSOARG00000017163	ENSOARG00000005169	1		
	ENSOARG00000013500										ENSOARG00000017237	ENSOARG00000005106	1		
	ENSOARG00000013521										ENSOARG00000017490	ENSOARG00000004944	1		
	ENSOARG00000013529										ENSOARG00000017805	ENSOARG00000004915	1		
	ENSOARG00000013538										ENSOARG00000017823	ENSOARG00000004611	1		
	ENSOARG00000013580										ENSOARG00000018146	ENSOARG00000004454	1		
	ENSOARG00000013608										ENSOARG00000018277	ENSOARG00000004394	1		
	ENSOARG00000013617										ENSOARG00000018362	ENSOARG00000004247	1		
	ENSOARG00000013628										ENSOARG00000018396	ENSOARG00000004211	1		
	ENSOARG00000013669										ENSOARG00000018906	ENSOARG00000004145	1		
	ENSOARG00000013694										ENSOARG00000018916	ENSOARG00000003856	1		
	ENSOARG00000013727										ENSOARG00000018930	ENSOARG00000003820	1		
	ENSOARG00000013772										ENSOARG00000019698	ENSOARG00000003729	1		
	ENSOARG00000013790										ENSOARG00000020131	ENSOARG00000003701	1		
	ENSOARG00000013832										ENSOARG00000020158	ENSOARG00000003517	1		
	ENSOARG00000013859										ENSOARG00000020178	ENSOARG00000003452	1		
	ENSOARG00000013891										ENSOARG00000020469	ENSOARG00000003401	1		
	ENSOARG00000013963										ENSOARG00000020626	ENSOARG00000003319	1		
	ENSOARG00000014011										ENSOARG00000020689	ENSOARG00000003030	1		
	ENSOARG00000014051										ENSOARG00000021020	ENSOARG00000002844	1		
	ENSOARG00000014073										ENSOARG00000025935	ENSOARG00000002724	1		
	ENSOARG00000014116										ENSOARG00000026322	ENSOARG00000002402	1		
	ENSOARG00000014123										FTX-F1	ENSOARG00000002211	1		
	ENSOARG00000014124										ENSOARG00000000123	ENSOARG00000002035	1		
	ENSOARG00000014207										ENSOARG00000000304	ENSOARG00000001827	1		
	ENSOARG00000014212										ENSOARG00000000327	ENSOARG00000001544	1		
	ENSOARG00000014253										ENSOARG00000000412	ENSOARG00000001525	1		
	ENSOARG00000014336										ENSOARG00000000465	ENSOARG00000001456	1		
	ENSOARG00000014470										ENSOARG00000000522	ENSOARG00000001308	1		
	ENSOARG00000014488										ENSOARG00000000675	ENSOARG00000001160	1		
	ENSOARG00000014509										ENSOARG00000000684	ENSOARG00000001035	1		
	ENSOARG00000014586										ENSOARG00000000729	ENSOARG00000000950	1		
	ENSOARG00000014661										ENSOARG00000000741	ENSOARG00000000838	1		
	ENSOARG00000014686										ENSOARG00000000778	ENSOARG00000000612	1		
	ENSOARG00000014701										ENSOARG00000000858	ENSOARG00000000484	1		
	ENSOARG00000014710										ENSOARG00000001111	ENSOARG00000000443	1		
	ENSOARG00000014717										ENSOARG00000001134	ENSOARG00000000348	1		
	ENSOARG00000014718										ENSOARG00000001254	ENSOARG00000000412	1		
	ENSOARG00000014751										ENSOARG00000001395	ENSOARG00000015892	1		
	ENSOARG00000014779										ENSOARG00000001554	ENSOARG00000012501	1		
	ENSOARG00000014801										ENSOARG00000001587	ENSOARG00000021037	1		
	ENSOARG00000014836										ENSOARG00000001637	ENSOARG00000020727	1		
	ENSOARG00000014841										ENSOARG00000001735	ENSOARG00000016918	1		
	ENSOARG00000014885										ENSOARG00000001745	ENSOARG00000020431	1		
	ENSOARG00000014898										ENSOARG00000001783	ENSOARG00000020393	1		
	ENSOARG00000014986										ENSOARG00000001848	ENSOARG00000020214	1		
	ENSOARG00000015034										ENSOARG00000001968	ENSOARG00000020185	1		
	ENSOARG00000015044										ENSOARG00000001985	ENSOARG00000020032	1		
	ENSOARG00000015076										ENSOARG00000002050	ENSOARG00000019994	1		
	ENSOARG00000015118										ENSOARG00000002053	ENSOARG00000002639	1		
	ENSOARG00000015132										ENSOARG00000002079	ENSOARG00000006716	1		
	ENSOARG00000015144										ENSOARG00000002489	ENSOARG00000006855	1		
	ENSOARG00000015152										ENSOARG00000002539	ENSOARG00000012043	1		
	ENSOARG00000015167										ENSOARG00000002639	ENSOARG00000004415	1		
	ENSOARG00000015194										ENSOARG00000002674	ENSOARG00000006218	1		
	ENSOARG00000015267										ENSOARG00000002688	ENSOARG00000019613	1		
	ENSOARG00000015297										ENSOARG00000002693	ENSOARG00000011225	1		
	ENSOARG00000015346										ENSOARG00000002746	ENSOARG00000010855	1		
	ENSOARG00000015386										ENSOARG00000002778	ENSOARG00000000522	1		
	ENSOARG00000015403										ENSOARG00000002790	ENSOARG00000015522	1		
	ENSOARG00000015421										ENSOARG00000002798	ENSOARG00000013449	1		
	ENSOARG00000015422										ENSOARG00000002887	ENSOARG00000005849	1		
	ENSOARG00000015424										ENSOARG00000002924	ENSOARG00000006659	1		
	ENSOARG00000015432										ENSOARG00000002991	ENSOARG00000009518	1		
	ENSOARG00000015447										ENSOARG00000003042	ENSOARG00000020289	1		
	ENSOARG00000015462										ENSOARG00000003044	ENSOARG00000009344	1		
	ENSOARG00000015467										ENSOARG00000003121	ENSOARG00000008337	1		
	ENSOARG00000015469										ENSOARG00000003213	ENSOARG00000008659	1		
	ENSOARG00000015557										ENSOARG00000003419	ENSOARG00000006008	1		
	ENSOARG00000015578										ENSOARG00000003577	ENSOARG00000002991	1		
	ENSOARG00000015579										ENSOARG00000003664	ENSOARG00000002356	1		
	ENSOARG00000015628										ENSOARG00000003875	ENSOARG00000001111	1		
	ENSOARG00000015650										ENSOARG00000003895	ENSOARG00000010120	1		
	ENSOARG00000015673										ENSOARG00000004045	ENSOARG00000000675	1		
	ENSOARG00000015700										ENSOARG00000004049	ENSOARG00000003849	1		
	ENSOARG00000015720										ENSOARG00000004395	ENSOARG00000017203	1		
	ENSOARG00000015752										ENSOARG00000004415	ENSOARG00000005124	1		
	ENSOARG00000015830										ENSOARG00000004730	ENSOARG00000008186	1		
	ENSOARG00000015853										ENSOARG00000004829	ENSOARG00000009600	1		
	ENSOARG00000015857										ENSOARG00000004833	ENSOARG00000006935	1		
	ENSOARG00000015908										ENSOARG00000004881	ENSOARG00000007935	1		
	ENSOARG00000015937										ENSOARG00000004969	ENSOARG00000018943	1		
	ENSOARG00000015973										ENSOARG00000005014	ENSOARG00000011356	1		
	ENSOARG00000016027										ENSOARG00000005083	ENSOARG00000016372	1		
	ENSOARG00000016050										ENSOARG00000005230	ENSOARG00000002587	1		
	ENSOARG00000016181										ENSOARG00000005318	ENSOARG00000003857	1		
	ENSOARG00000016215										ENSOARG00000005500	ENSOARG00000019095	1		
	ENSOARG00000016243										ENSOARG00000005503	ENSOARG00000000229	1		
	ENSOARG00000016305										ENSOARG00000005655	ENSOARG00000017975	1		
	ENSOARG00000016391										ENSOARG00000005699	ENSOARG00000022544	1		
	ENSOARG00000016412										ENSOARG00000005722	ENSOARG00000010638	1		
	ENSOARG00000016481										ENSOARG00000005800	ENSOARG00000012070	1		
	ENSOARG00000016534										ENSOARG00000005849	ENSOARG00000016212	1		
	ENSOARG00000016547										ENSOARG00000005854	ENSOARG00000008861	1		
	ENSOARG00000016603										ENSOARG00000005916	ENSOARG00000000741	1		
	ENSOARG00000016606										ENSOARG00000006008	ENSOARG00000015237	1		
	ENSOARG00000016717										ENSOARG00000006085	ENSOARG00000001848	1		
	ENSOARG00000016726										ENSOARG00000006218	ENSOARG00000010864	1		
	ENSOARG00000016793										ENSOARG00000006408	ENSOARG00000013936	1		
	ENSOARG00000016828										ENSOARG00000006427	ENSOARG00000002973	1		
	ENSOARG00000016834										ENSOARG00000006451	ENSOARG00000017805	1		
	ENSOARG00000016949										ENSOARG00000006489	ENSOARG00000016359	1		
	ENSOARG00000016952										ENSOARG00000006517	ENSOARG00000012695	1		
	ENSOARG00000017011										ENSOARG00000006557	ENSOARG00000019235	1		
	ENSOARG00000017069										ENSOARG00000006659	ENSOARG00000014616	1		
	ENSOARG00000017097										ENSOARG00000006716	ENSOARG00000016626	1		
	ENSOARG00000017163										ENSOARG00000006737	ENSOARG00000010949	1		
	ENSOARG00000017180										ENSOARG00000006822	ENSOARG00000016825	1		
	ENSOARG00000017214										ENSOARG00000006855	ENSOARG00000008367	1		
	ENSOARG00000017220										ENSOARG00000006901	ENSOARG00000009798	1		
	ENSOARG00000017237										ENSOARG00000006941	ENSOARG00000020740	1		
	ENSOARG00000017242										ENSOARG00000007029	ENSOARG00000010026	1		
	ENSOARG00000017251										ENSOARG00000007044	ENSOARG00000018930	1		
	ENSOARG00000017264										ENSOARG00000007200	ENSOARG00000016178	1		
	ENSOARG00000017385										ENSOARG00000007283	ENSOARG00000011221	1		
	ENSOARG00000017488										ENSOARG00000007318	ENSOARG00000014019	1		
	ENSOARG00000017493										ENSOARG00000007322	ENSOARG00000014514	1		
	ENSOARG00000017532										ENSOARG00000007449	ENSOARG00000011433	1		
	ENSOARG00000017546										ENSOARG00000007515	ENSOARG00000014564	1		
	ENSOARG00000017631										ENSOARG00000007579	ENSOARG00000002790	1		
	ENSOARG00000017689										ENSOARG00000007656	ENSOARG00000009178	1		
	ENSOARG00000017704										ENSOARG00000007676	ENSOARG00000009563	1		
	ENSOARG00000017739										ENSOARG00000007720	ENSOARG00000005833	1		
	ENSOARG00000017740										ENSOARG00000007828	ENSOARG00000002060	1		
	ENSOARG00000017758										ENSOARG00000007849	ENSOARG00000009958	1		
	ENSOARG00000017765										ENSOARG00000007892	ENSOARG00000012056	1		
	ENSOARG00000017791										ENSOARG00000007919	ENSOARG00000006322	1		
	ENSOARG00000017823										ENSOARG00000008063	ENSOARG00000010276	1		
	ENSOARG00000017875										ENSOARG00000008330	ENSOARG00000001138	1		
	ENSOARG00000017882										ENSOARG00000008337	ENSOARG00000018592	1		
	ENSOARG00000017892										ENSOARG00000008351	ENSOARG00000018281	1		
	ENSOARG00000017919										ENSOARG00000008455	ENSOARG00000004326	1		
	ENSOARG00000017954										ENSOARG00000008574	ENSOARG00000009276	1		
	ENSOARG00000017964										ENSOARG00000008656	ENSOARG00000001745	1		
	ENSOARG00000018022										ENSOARG00000008659	ENSOARG00000026516	1		
	ENSOARG00000018036										ENSOARG00000008743	ENSOARG00000001134	1		
	ENSOARG00000018055										ENSOARG00000008842	ENSOARG00000011622	1		
	ENSOARG00000018070										ENSOARG00000008861	ENSOARG00000008967	1		
	ENSOARG00000018091										ENSOARG00000008913	ENSOARG00000006210	1		
	ENSOARG00000018146										ENSOARG00000008961	ENSOARG00000007828	1		
	ENSOARG00000018162										ENSOARG00000008967	ENSOARG00000002798	1		
	ENSOARG00000018177										ENSOARG00000009194	ENSOARG00000003875	1		
	ENSOARG00000018185										ENSOARG00000009225	ENSOARG00000010155	1		
	ENSOARG00000018205										ENSOARG00000009233	ENSOARG00000012705	1		
	ENSOARG00000018245										ENSOARG00000009344	ENSOARG00000008574	1		
	ENSOARG00000018268										ENSOARG00000009443	ENSOARG00000003664	1		
	ENSOARG00000018280										ENSOARG00000009463	ENSOARG00000009995	1		
	ENSOARG00000018366										ENSOARG00000009469	ENSOARG00000004395	1		
	ENSOARG00000018389										ENSOARG00000009566	ENSOARG00000009097	1		
	ENSOARG00000018396										ENSOARG00000009722	ENSOARG00000014226	1		
	ENSOARG00000018427										ENSOARG00000009750	ENSOARG00000006427	1		
	ENSOARG00000018568										ENSOARG00000009752	ENSOARG00000010107	1		
	ENSOARG00000018628										ENSOARG00000009764	ENSOARG00000017948	1		
	ENSOARG00000018635										ENSOARG00000009843	ENSOARG00000018049	1		
	ENSOARG00000018641										ENSOARG00000009962	ENSOARG00000012094	1		
	ENSOARG00000018795										ENSOARG00000009995	ENSOARG00000002053	1		
	ENSOARG00000018890										ENSOARG00000010088	ENSOARG00000016427	1		
	ENSOARG00000018891										ENSOARG00000010107	ENSOARG00000013211	1		
	ENSOARG00000018906										ENSOARG00000010155	ENSOARG00000020008	1		
	ENSOARG00000018913										ENSOARG00000010208	ENSOARG00000020121	1		
	ENSOARG00000018916										ENSOARG00000010382	ENSOARG00000020198	1		
	ENSOARG00000019016										ENSOARG00000010485	ENSOARG00000021020	1		
	ENSOARG00000019041										ENSOARG00000010496	ENSOARG00000020439	1		
	ENSOARG00000019083										ENSOARG00000010561	ENSOARG00000008656	1		
	ENSOARG00000019090										ENSOARG00000010597	ENSOARG00000020543	1		
	ENSOARG00000019093										ENSOARG00000010603	ENSOARG00000021018	1		
	ENSOARG00000019102										ENSOARG00000010649	ENSOARG00000021138	1		
	ENSOARG00000019122										ENSOARG00000010691	ENSOARG00000010842	1		
	ENSOARG00000019184										ENSOARG00000010704	ENSOARG00000014232	1		
	ENSOARG00000019265										ENSOARG00000010710	ENSOARG00000000158	1		
	ENSOARG00000019329										ENSOARG00000010770	ENSOARG00000000392	1		
	ENSOARG00000019332										ENSOARG00000010842	ENSOARG00000000461	1		
	ENSOARG00000019400										ENSOARG00000010855	ENSOARG00000000498	1		
	ENSOARG00000019409										ENSOARG00000010864	ENSOARG00000000714	1		
	ENSOARG00000019441										ENSOARG00000010890	ENSOARG00000000899	1		
	ENSOARG00000019464										ENSOARG00000010949	ENSOARG00000001010	1		
	ENSOARG00000019477										ENSOARG00000011081	ENSOARG00000001060	1		
	ENSOARG00000019515										ENSOARG00000011221	ENSOARG00000001300	1		
	ENSOARG00000019564										ENSOARG00000011225	ENSOARG00000001374	1		
	ENSOARG00000019659										ENSOARG00000011304	ENSOARG00000001511	1		
	ENSOARG00000019682										ENSOARG00000011328	ENSOARG00000001543	1		
	ENSOARG00000019691										ENSOARG00000011391	ENSOARG00000001673	1		
	ENSOARG00000019698										ENSOARG00000011433	ENSOARG00000001849	1		
	ENSOARG00000019717										ENSOARG00000011449	ENSOARG00000002145	1		
	ENSOARG00000019784										ENSOARG00000011522	ENSOARG00000002307	1		
	ENSOARG00000019786										ENSOARG00000011575	ENSOARG00000002564	1		
	ENSOARG00000019799										ENSOARG00000011582	ENSOARG00000002815	1		
	ENSOARG00000019883										ENSOARG00000011615	ENSOARG00000002898	1		
	ENSOARG00000020018										ENSOARG00000011708	ENSOARG00000003221	1		
	ENSOARG00000020076										ENSOARG00000011939	ENSOARG00000003365	1		
	ENSOARG00000020077										ENSOARG00000011945	ENSOARG00000003449	1		
	ENSOARG00000020090										ENSOARG00000011991	ENSOARG00000003492	1		
	ENSOARG00000020131										ENSOARG00000012018	ENSOARG00000003647	1		
	ENSOARG00000020158										ENSOARG00000012024	ENSOARG00000003722	1		
	ENSOARG00000020176										ENSOARG00000012043	ENSOARG00000003778	1		
	ENSOARG00000020178										ENSOARG00000012094	ENSOARG00000003828	1		
	ENSOARG00000020215										ENSOARG00000012134	ENSOARG00000003963	1		
	ENSOARG00000020309										ENSOARG00000012149	ENSOARG00000004190	1		
	ENSOARG00000020356										ENSOARG00000012165	ENSOARG00000004239	1		
	ENSOARG00000020371										ENSOARG00000012206	ENSOARG00000004299	1		
	ENSOARG00000020387										ENSOARG00000012224	ENSOARG00000004438	1		
	ENSOARG00000020443										ENSOARG00000012659	ENSOARG00000004493	1		
	ENSOARG00000020451										ENSOARG00000012668	ENSOARG00000004758	1		
	ENSOARG00000020452										ENSOARG00000012705	ENSOARG00000004942	1		
	ENSOARG00000020458										ENSOARG00000012848	ENSOARG00000005098	1		
	ENSOARG00000020469										ENSOARG00000012893	ENSOARG00000005149	1		
	ENSOARG00000020474										ENSOARG00000012958	ENSOARG00000005228	1		
	ENSOARG00000020522										ENSOARG00000013019	ENSOARG00000005263	1		
	ENSOARG00000020572										ENSOARG00000013044	ENSOARG00000005448	1		
	ENSOARG00000020608										ENSOARG00000013100	ENSOARG00000005484	1		
	ENSOARG00000020626										ENSOARG00000013211	ENSOARG00000005766	1		
	ENSOARG00000020689										ENSOARG00000013273	ENSOARG00000005812	1		
	ENSOARG00000020698										ENSOARG00000013430	ENSOARG00000006002	1		
	ENSOARG00000020707										ENSOARG00000013521	ENSOARG00000006041	1		
	ENSOARG00000020799										ENSOARG00000013538	ENSOARG00000006068	1		
	ENSOARG00000020808										ENSOARG00000013545	ENSOARG00000006175	1		
	ENSOARG00000020884										ENSOARG00000013628	ENSOARG00000006275	1		
	ENSOARG00000020889										ENSOARG00000013669	ENSOARG00000006447	1		
	ENSOARG00000020908										ENSOARG00000013694	ENSOARG00000006569	1		
	ENSOARG00000020959										ENSOARG00000013714	ENSOARG00000006586	1		
	ENSOARG00000020976										ENSOARG00000013724	ENSOARG00000006714	1		
	ENSOARG00000021041										ENSOARG00000013790	ENSOARG00000006911	1		
	ENSOARG00000021044										ENSOARG00000014073	ENSOARG00000006993	1		
	ENSOARG00000021054										ENSOARG00000014123	ENSOARG00000007244	1		
	ENSOARG00000021076										ENSOARG00000014207	ENSOARG00000007262	1		
	ENSOARG00000021077										ENSOARG00000014226	ENSOARG00000007329	1		
	ENSOARG00000021134										ENSOARG00000014232	ENSOARG00000007432	1		
	ENSOARG00000021181										ENSOARG00000014509	ENSOARG00000007510	1		
	ENSOARG00000021182										ENSOARG00000014586	ENSOARG00000007622	1		
	ENSOARG00000021185										ENSOARG00000014717	ENSOARG00000007666	1		
	ENSOARG00000021200										ENSOARG00000014729	ENSOARG00000007738	1		
	ENSOARG00000021491										ENSOARG00000014801	ENSOARG00000007753	1		
	ENSOARG00000021677										ENSOARG00000014841	ENSOARG00000007806	1		
	ENSOARG00000023147										ENSOARG00000014898	ENSOARG00000008076	1		
	ENSOARG00000023271										ENSOARG00000014986	ENSOARG00000008243	1		
	ENSOARG00000023519										ENSOARG00000015034	ENSOARG00000008313	1		
	ENSOARG00000025169										ENSOARG00000015132	ENSOARG00000008460	1		
	ENSOARG00000025214										ENSOARG00000015262	ENSOARG00000008491	1		
	ENSOARG00000025305										ENSOARG00000015267	ENSOARG00000008650	1		
	ENSOARG00000025690										ENSOARG00000015424	ENSOARG00000008752	1		
	ENSOARG00000025698										ENSOARG00000015432	ENSOARG00000008899	1		
	ENSOARG00000025761										ENSOARG00000015522	ENSOARG00000008988	1		
	ENSOARG00000025935										ENSOARG00000015578	ENSOARG00000009079	1		
	ENSOARG00000026123										ENSOARG00000015700	ENSOARG00000009154	1		
	ENSOARG00000026243										ENSOARG00000015830	ENSOARG00000009226	1		
	ENSOARG00000026272										ENSOARG00000015892	ENSOARG00000009246	1		
	ENSOARG00000026322										ENSOARG00000015895	ENSOARG00000009333	1		
	ENSOARG00000026484										ENSOARG00000015928	ENSOARG00000009410	1		
	ENSOARG00000026638										ENSOARG00000016098	ENSOARG00000009508	1		
	ENSOARG00000026693										ENSOARG00000016225	ENSOARG00000009670	1		
	ENSOARG00000026946										ENSOARG00000016322	ENSOARG00000009748	1		
											ENSOARG00000016391	ENSOARG00000009837	1		
											ENSOARG00000016626	ENSOARG00000009901	1		
											ENSOARG00000016786	ENSOARG00000009948	1		
											ENSOARG00000016825	ENSOARG00000010267	1		
											ENSOARG00000016834	ENSOARG00000010319	1		
											ENSOARG00000016842	ENSOARG00000010384	1		
											ENSOARG00000017011	ENSOARG00000010509	1		
											ENSOARG00000017040	ENSOARG00000010622	1		
											ENSOARG00000017163	ENSOARG00000010670	1		
											ENSOARG00000017181	ENSOARG00000010797	1		
											ENSOARG00000017237	ENSOARG00000010839	1		
											ENSOARG00000017242	ENSOARG00000010881	1		
											ENSOARG00000017251	ENSOARG00000010934	1		
											ENSOARG00000017490	ENSOARG00000010998	1		
											ENSOARG00000017532	ENSOARG00000011072	1		
											ENSOARG00000017791	ENSOARG00000011235	1		
											ENSOARG00000017823	ENSOARG00000011407	1		
											ENSOARG00000017882	ENSOARG00000011530	1		
											ENSOARG00000017948	ENSOARG00000011624	1		
											ENSOARG00000017964	ENSOARG00000011716	1		
											ENSOARG00000018022	ENSOARG00000011764	1		
											ENSOARG00000018049	ENSOARG00000011782	1		
											ENSOARG00000018091	ENSOARG00000011794	1		
											ENSOARG00000018245	ENSOARG00000011809	1		
											ENSOARG00000018258	ENSOARG00000011825	1		
											ENSOARG00000018268	ENSOARG00000011840	1		
											ENSOARG00000018438	ENSOARG00000011852	1		
											ENSOARG00000018504	ENSOARG00000012013	1		
											ENSOARG00000018568	ENSOARG00000012029	1		
											ENSOARG00000018795	ENSOARG00000012080	1		
											ENSOARG00000018906	ENSOARG00000012130	1		
											ENSOARG00000018916	ENSOARG00000012406	1		
											ENSOARG00000019102	ENSOARG00000012449	1		
											ENSOARG00000019122	ENSOARG00000012717	1		
											ENSOARG00000019213	ENSOARG00000012954	1		
											ENSOARG00000019329	ENSOARG00000013075	1		
											ENSOARG00000019333	ENSOARG00000013104	1		
											ENSOARG00000019400	ENSOARG00000013358	1		
											ENSOARG00000019768	ENSOARG00000013375	1		
											ENSOARG00000019786	ENSOARG00000013500	1		
											ENSOARG00000019884	ENSOARG00000013580	1		
											ENSOARG00000019994	ENSOARG00000013617	1		
											ENSOARG00000020008	ENSOARG00000013772	1		
											ENSOARG00000020032	ENSOARG00000013859	1		
											ENSOARG00000020121	ENSOARG00000013963	1		
											ENSOARG00000020131	ENSOARG00000014051	1		
											ENSOARG00000020158	ENSOARG00000014124	1		
											ENSOARG00000020178	ENSOARG00000014253	1		
											ENSOARG00000020185	ENSOARG00000014470	1		
											ENSOARG00000020198	ENSOARG00000014686	1		
											ENSOARG00000020214	ENSOARG00000014710	1		
											ENSOARG00000020215	ENSOARG00000014751	1		
											ENSOARG00000020371	ENSOARG00000014885	1		
											ENSOARG00000020393	ENSOARG00000015076	1		
											ENSOARG00000020439	ENSOARG00000015144	1		
											ENSOARG00000020451	ENSOARG00000015167	1		
											ENSOARG00000020463	ENSOARG00000015297	1		
											ENSOARG00000020469	ENSOARG00000015386	1		
											ENSOARG00000020515	ENSOARG00000015421	1		
											ENSOARG00000020522	ENSOARG00000015447	1		
											ENSOARG00000020543	ENSOARG00000015467	1		
											ENSOARG00000020689	ENSOARG00000015557	1		
											ENSOARG00000020727	ENSOARG00000015650	1		
											ENSOARG00000020838	ENSOARG00000015720	1		
											ENSOARG00000021018	ENSOARG00000015857	1		
											ENSOARG00000021037	ENSOARG00000015937	1		
											ENSOARG00000021138	ENSOARG00000016027	1		
											ENSOARG00000021185	ENSOARG00000025788	1		
											ENSOARG00000021920	ENSOARG00000016050	1		
											ENSOARG00000025214	ENSOARG00000008480	1		
											ENSOARG00000025296	ENSOARG00000016181	1		
											ENSOARG00000025412	ENSOARG00000012134	1		
											ENSOARG00000025549	ENSOARG00000016215	1		
											ENSOARG00000025717	ENSOARG00000004930	1		
											ENSOARG00000025935	ENSOARG00000016243	1		
											ENSOARG00000026322	ENSOARG00000010332	1		
											ENSOARG00000026946	ENSOARG00000016412	1		
											FFS-TX	ENSOARG00000014766	1		
											ENSOARG00000000130	ENSOARG00000016481	1		
											ENSOARG00000000158	ENSOARG00000000879	1		
											ENSOARG00000000327	ENSOARG00000016534	1		
											ENSOARG00000000345	ENSOARG00000006214	1		
											ENSOARG00000000348	ENSOARG00000016547	1		
											ENSOARG00000000392	ENSOARG00000013047	1		
											ENSOARG00000000443	ENSOARG00000016603	1		
											ENSOARG00000000461	ENSOARG00000013716	1		
											ENSOARG00000000465	ENSOARG00000016606	1		
											ENSOARG00000000484	ENSOARG00000019103	1		
											ENSOARG00000000498	ENSOARG00000016726	1		
											ENSOARG00000000531	ENSOARG00000005780	1		
											ENSOARG00000000549	ENSOARG00000016793	1		
											ENSOARG00000000612	ENSOARG00000006451	1		
											ENSOARG00000000684	ENSOARG00000016828	1		
											ENSOARG00000000714	ENSOARG00000013905	1		
											ENSOARG00000000729	ENSOARG00000016949	1		
											ENSOARG00000000778	ENSOARG00000009722	1		
											ENSOARG00000000838	ENSOARG00000016952	1		
											ENSOARG00000000848	ENSOARG00000015190	1		
											ENSOARG00000000858	ENSOARG00000017069	1		
											ENSOARG00000000899	ENSOARG00000017097	1		
											ENSOARG00000000950	ENSOARG00000002562	1		
											ENSOARG00000001010	ENSOARG00000017180	1		
											ENSOARG00000001035	ENSOARG00000018549	1		
											ENSOARG00000001060	ENSOARG00000017214	1		
											ENSOARG00000001160	ENSOARG00000011991	1		
											ENSOARG00000001254	ENSOARG00000017220	1		
											ENSOARG00000001300	ENSOARG00000012668	1		
											ENSOARG00000001308	ENSOARG00000017264	1		
											ENSOARG00000001374	ENSOARG00000008455	1		
											ENSOARG00000001395	ENSOARG00000017385	1		
											ENSOARG00000001456	ENSOARG00000000304	1		
											ENSOARG00000001511	ENSOARG00000017488	1		
											ENSOARG00000001525	ENSOARG00000013430	1		
											ENSOARG00000001543	ENSOARG00000017493	1		
											ENSOARG00000001544	ENSOARG00000004730	1		
											ENSOARG00000001554	ENSOARG00000017546	1		
											ENSOARG00000001587	ENSOARG00000001637	1		
											ENSOARG00000001673	ENSOARG00000017631	1		
											ENSOARG00000001783	ENSOARG00000013714	1		
											ENSOARG00000001827	ENSOARG00000017689	1		
											ENSOARG00000001849	ENSOARG00000014745	1		
											ENSOARG00000001968	ENSOARG00000017704	1		
											ENSOARG00000001985	ENSOARG00000019995	1		
											ENSOARG00000002035	ENSOARG00000017739	1		
											ENSOARG00000002079	ENSOARG00000021540	1		
											ENSOARG00000002145	ENSOARG00000017740	1		
											ENSOARG00000002211	ENSOARG00000015895	1		
											ENSOARG00000002307	ENSOARG00000017758	1		
											ENSOARG00000002402	ENSOARG00000015928	1		
											ENSOARG00000002489	ENSOARG00000017765	1		
											ENSOARG00000002539	ENSOARG00000001735	1		
											ENSOARG00000002559	ENSOARG00000017875	1		
											ENSOARG00000002564	ENSOARG00000016842	1		
											ENSOARG00000002674	ENSOARG00000017892	1		
											ENSOARG00000002688	ENSOARG00000017040	1		
											ENSOARG00000002724	ENSOARG00000017919	1		
											ENSOARG00000002746	ENSOARG00000017181	1		
											ENSOARG00000002778	ENSOARG00000017954	1		
											ENSOARG00000002815	ENSOARG00000011575	1		
											ENSOARG00000002844	ENSOARG00000018036	1		
											ENSOARG00000002887	ENSOARG00000005500	1		
											ENSOARG00000002898	ENSOARG00000018055	1		
											ENSOARG00000002924	ENSOARG00000005078	1		
											ENSOARG00000003030	ENSOARG00000018070	1		
											ENSOARG00000003121	ENSOARG00000011708	1		
											ENSOARG00000003213	ENSOARG00000018162	1		
											ENSOARG00000003221	ENSOARG00000004045	1		
											ENSOARG00000003319	ENSOARG00000018177	1		
											ENSOARG00000003365	ENSOARG00000012018	1		
											ENSOARG00000003401	ENSOARG00000018185	1		
											ENSOARG00000003449	ENSOARG00000018258	1		
											ENSOARG00000003452	ENSOARG00000018205	1		
											ENSOARG00000003492	ENSOARG00000018438	1		
											ENSOARG00000003517	ENSOARG00000018280	1		
											ENSOARG00000003601	ENSOARG00000018504	1		
											ENSOARG00000003647	ENSOARG00000018366	1		
											ENSOARG00000003701	ENSOARG00000007318	1		
											ENSOARG00000003722	ENSOARG00000018389	1		
											ENSOARG00000003729	ENSOARG00000019213	1		
											ENSOARG00000003778	ENSOARG00000018628	1		
											ENSOARG00000003820	ENSOARG00000019333	1		
											ENSOARG00000003828	ENSOARG00000018635	1		
											ENSOARG00000003856	ENSOARG00000019768	1		
											ENSOARG00000003867	ENSOARG00000018641	1		
											ENSOARG00000003895	ENSOARG00000019884	1		
											ENSOARG00000003963	ENSOARG00000018890	1		
											ENSOARG00000004049	ENSOARG00000016092	1		
											ENSOARG00000004145	ENSOARG00000018891	1		
											ENSOARG00000004190	ENSOARG00000013273	1		
											ENSOARG00000004211	ENSOARG00000018913	1		
											ENSOARG00000004239	ENSOARG00000012659	1		
											ENSOARG00000004247	ENSOARG00000019016	1		
											ENSOARG00000004299	ENSOARG00000004062	1		
											ENSOARG00000004394	ENSOARG00000019041	1		
											ENSOARG00000004438	ENSOARG00000007515	1		
											ENSOARG00000004454	ENSOARG00000019083	1		
											ENSOARG00000004493	ENSOARG00000007449	1		
											ENSOARG00000004611	ENSOARG00000019090	1		
											ENSOARG00000004758	ENSOARG00000010890	1		
											ENSOARG00000004829	ENSOARG00000019093	1		
											ENSOARG00000004881	ENSOARG00000003419	1		
											ENSOARG00000004915	ENSOARG00000019184	1		
											ENSOARG00000004942	ENSOARG00000011328	1		
											ENSOARG00000004944	ENSOARG00000019265	1		
											ENSOARG00000004969	ENSOARG00000004315	1		
											ENSOARG00000005014	ENSOARG00000019332	1		
											ENSOARG00000005098	ENSOARG00000020463	1		
											ENSOARG00000005106	ENSOARG00000019409	1		
											ENSOARG00000005149	ENSOARG00000020515	1		
											ENSOARG00000005169	ENSOARG00000019441	1		
											ENSOARG00000005228	ENSOARG00000003042	1		
											ENSOARG00000005230	ENSOARG00000019464	1		
											ENSOARG00000005238	ENSOARG00000009962	1		
											ENSOARG00000005247	ENSOARG00000019477	1		
											ENSOARG00000005263	ENSOARG00000009566	1		
											ENSOARG00000005318	ENSOARG00000019515	1		
											ENSOARG00000005367	ENSOARG00000005083	1		
											ENSOARG00000005448	ENSOARG00000019564	1		
											ENSOARG00000005462	ENSOARG00000018277	1		
											ENSOARG00000005471	ENSOARG00000019659	1		
											ENSOARG00000005484	ENSOARG00000011915	1		
											ENSOARG00000005503	ENSOARG00000019682	1		
											ENSOARG00000005513	ENSOARG00000021920	1		
											ENSOARG00000005526	ENSOARG00000019691	1		
											ENSOARG00000005655	ENSOARG00000025296	1		
											ENSOARG00000005699	ENSOARG00000019717	1		
											ENSOARG00000005709	ENSOARG00000025412	1		
											ENSOARG00000005722	ENSOARG00000019784	1		
											ENSOARG00000005766	ENSOARG00000025717	1		
											ENSOARG00000005783	ENSOARG00000019799	1		
											ENSOARG00000005812	ENSOARG00000003577	1		
											ENSOARG00000005821	ENSOARG00000020018	1		
											ENSOARG00000005888	ENSOARG00000016322	1		
											ENSOARG00000005916	ENSOARG00000020076	1		
											ENSOARG00000006002	ENSOARG00000005315	1		
											ENSOARG00000006033	ENSOARG00000020077	1		
											ENSOARG00000006041	ENSOARG00000016225	1		
											ENSOARG00000006043	ENSOARG00000020090	1		
											ENSOARG00000006068	ENSOARG00000002050	1		
											ENSOARG00000006085	ENSOARG00000020176	1		
											ENSOARG00000006087	ENSOARG00000003624	1		
											ENSOARG00000006146	ENSOARG00000020309	1		
											ENSOARG00000006175	ENSOARG00000006909	1		
											ENSOARG00000006211	ENSOARG00000020356	1		
											ENSOARG00000006275	ENSOARG00000007676	1		
											ENSOARG00000006407	ENSOARG00000020387	1		
											ENSOARG00000006447	ENSOARG00000000123	1		
											ENSOARG00000006517	ENSOARG00000020443	1		
											ENSOARG00000006521	ENSOARG00000011180	1		
											ENSOARG00000006569	ENSOARG00000020452	1		
											ENSOARG00000006577	ENSOARG00000007283	1		
											ENSOARG00000006586	ENSOARG00000020458	1		
											ENSOARG00000006675	ENSOARG00000017187	1		
											ENSOARG00000006714	ENSOARG00000020474	1		
											ENSOARG00000006737	ENSOARG00000006489	1		
											ENSOARG00000006756	ENSOARG00000020572	1		
											ENSOARG00000006822	ENSOARG00000006867	1		
											ENSOARG00000006901	ENSOARG00000020608	1		
											ENSOARG00000006911	ENSOARG00000018383	1		
											ENSOARG00000006979	ENSOARG00000020698	1		
											ENSOARG00000006993	ENSOARG00000000468	1		
											ENSOARG00000006999	ENSOARG00000020707	1		
											ENSOARG00000007029	ENSOARG00000006480	1		
											ENSOARG00000007044	ENSOARG00000020799	1		
											ENSOARG00000007200	ENSOARG00000002693	1		
											ENSOARG00000007244	ENSOARG00000020808	1		
											ENSOARG00000007252	ENSOARG00000002866	1		
											ENSOARG00000007262	ENSOARG00000020884	1		
											ENSOARG00000007287	ENSOARG00000002031	1		
											ENSOARG00000007329	ENSOARG00000020889	1		
											ENSOARG00000007414	ENSOARG00000019231	1		
											ENSOARG00000007432	ENSOARG00000020908	1		
											ENSOARG00000007494	ENSOARG00000005800	1		
											ENSOARG00000007510	ENSOARG00000020959	1		
											ENSOARG00000007534	ENSOARG00000003437	1		
											ENSOARG00000007549	ENSOARG00000020976	1		
											ENSOARG00000007579	ENSOARG00000008443	1		
											ENSOARG00000007580	ENSOARG00000021041	1		
											ENSOARG00000007622	ENSOARG00000017996	1		
											ENSOARG00000007648	ENSOARG00000021044	1		
											ENSOARG00000007656	ENSOARG00000008775	1		
											ENSOARG00000007666	ENSOARG00000021054	1		
											ENSOARG00000007696	ENSOARG00000008693	1		
											ENSOARG00000007720	ENSOARG00000021076	1		
											ENSOARG00000007738	ENSOARG00000013575	1		
											ENSOARG00000007745	ENSOARG00000021077	1		
											ENSOARG00000007753	ENSOARG00000003366	1		
											ENSOARG00000007775	ENSOARG00000021134	1		
											ENSOARG00000007806	ENSOARG00000009028	1		
											ENSOARG00000008011	ENSOARG00000021181	1		
											ENSOARG00000008063	ENSOARG00000011789	1		
											ENSOARG00000008076	ENSOARG00000021182	1		
											ENSOARG00000008189	ENSOARG00000016846	1		
											ENSOARG00000008243	ENSOARG00000021200	1		
											ENSOARG00000008285	ENSOARG00000018321	1		
											ENSOARG00000008313	ENSOARG00000021491	1		
											ENSOARG00000008351	ENSOARG00000008867	1		
											ENSOARG00000008399	ENSOARG00000021677	1		
											ENSOARG00000008460	ENSOARG00000010816	1		
											ENSOARG00000008468	ENSOARG00000023147	1		
											ENSOARG00000008491	ENSOARG00000000072	1		
											ENSOARG00000008648	ENSOARG00000023271	1		
											ENSOARG00000008650	ENSOARG00000020194	1		
											ENSOARG00000008705	ENSOARG00000023519	1		
											ENSOARG00000008743	ENSOARG00000009457	1		
											ENSOARG00000008752	ENSOARG00000025169	1		
											ENSOARG00000008786	ENSOARG00000006314	1		
											ENSOARG00000008842	ENSOARG00000025305	1		
											ENSOARG00000008896	ENSOARG00000015874	1		
											ENSOARG00000008899	ENSOARG00000025690	1		
											ENSOARG00000008961	ENSOARG00000014170	1		
											ENSOARG00000008976	ENSOARG00000025698	1		
											ENSOARG00000008988	ENSOARG00000012437	1		
											ENSOARG00000009063	ENSOARG00000025761	1		
											ENSOARG00000009079	ENSOARG00000000217	1		
											ENSOARG00000009107	ENSOARG00000026123	1		
											ENSOARG00000009154	ENSOARG00000018483	1		
											ENSOARG00000009170	ENSOARG00000026243	1		
											ENSOARG00000009194	ENSOARG00000009822	1		
											ENSOARG00000009225	ENSOARG00000026272	1		
											ENSOARG00000009226	ENSOARG00000019829	1		
											ENSOARG00000009230	ENSOARG00000026484	1		
											ENSOARG00000009233	ENSOARG00000008637	1		
											ENSOARG00000009246	ENSOARG00000026638	1		
											ENSOARG00000009325	ENSOARG00000009884	1		
											ENSOARG00000009333	ENSOARG00000026693	1		
											ENSOARG00000009347	ENSOARG00000000656	1		
											ENSOARG00000009410				
											ENSOARG00000009443				
											ENSOARG00000009454				
											ENSOARG00000009463				
											ENSOARG00000009469				
											ENSOARG00000009508				
											ENSOARG00000009610				
											ENSOARG00000009670				
											ENSOARG00000009671				
											ENSOARG00000009748				
											ENSOARG00000009750				
											ENSOARG00000009753				
											ENSOARG00000009764				
											ENSOARG00000009837				
											ENSOARG00000009845				
											ENSOARG00000009901				
											ENSOARG00000009903				
											ENSOARG00000009948				
											ENSOARG00000010088				
											ENSOARG00000010127				
											ENSOARG00000010208				
											ENSOARG00000010267				
											ENSOARG00000010270				
											ENSOARG00000010319				
											ENSOARG00000010336				
											ENSOARG00000010384				
											ENSOARG00000010434				
											ENSOARG00000010485				
											ENSOARG00000010496				
											ENSOARG00000010509				
											ENSOARG00000010543				
											ENSOARG00000010597				
											ENSOARG00000010603				
											ENSOARG00000010622				
											ENSOARG00000010633				
											ENSOARG00000010649				
											ENSOARG00000010670				
											ENSOARG00000010691				
											ENSOARG00000010704				
											ENSOARG00000010726				
											ENSOARG00000010770				
											ENSOARG00000010797				
											ENSOARG00000010808				
											ENSOARG00000010839				
											ENSOARG00000010854				
											ENSOARG00000010881				
											ENSOARG00000010884				
											ENSOARG00000010934				
											ENSOARG00000010952				
											ENSOARG00000010998				
											ENSOARG00000011003				
											ENSOARG00000011072				
											ENSOARG00000011081				
											ENSOARG00000011110				
											ENSOARG00000011235				
											ENSOARG00000011304				
											ENSOARG00000011400				
											ENSOARG00000011407				
											ENSOARG00000011416				
											ENSOARG00000011501				
											ENSOARG00000011530				
											ENSOARG00000011549				
											ENSOARG00000011582				
											ENSOARG00000011615				
											ENSOARG00000011624				
											ENSOARG00000011649				
											ENSOARG00000011685				
											ENSOARG00000011716				
											ENSOARG00000011725				
											ENSOARG00000011764				
											ENSOARG00000011780				
											ENSOARG00000011782				
											ENSOARG00000011792				
											ENSOARG00000011794				
											ENSOARG00000011798				
											ENSOARG00000011809				
											ENSOARG00000011817				
											ENSOARG00000011825				
											ENSOARG00000011836				
											ENSOARG00000011840				
											ENSOARG00000011846				
											ENSOARG00000011852				
											ENSOARG00000011885				
											ENSOARG00000011920				
											ENSOARG00000011939				
											ENSOARG00000011945				
											ENSOARG00000012013				
											ENSOARG00000012021				
											ENSOARG00000012024				
											ENSOARG00000012029				
											ENSOARG00000012074				
											ENSOARG00000012080				
											ENSOARG00000012105				
											ENSOARG00000012130				
											ENSOARG00000012149				
											ENSOARG00000012165				
											ENSOARG00000012224				
											ENSOARG00000012362				
											ENSOARG00000012368				
											ENSOARG00000012406				
											ENSOARG00000012439				
											ENSOARG00000012449				
											ENSOARG00000012634				
											ENSOARG00000012717				
											ENSOARG00000012852				
											ENSOARG00000012893				
											ENSOARG00000012936				
											ENSOARG00000012954				
											ENSOARG00000012958				
											ENSOARG00000013044				
											ENSOARG00000013063				
											ENSOARG00000013075				
											ENSOARG00000013090				
											ENSOARG00000013100				
											ENSOARG00000013104				
											ENSOARG00000013183				
											ENSOARG00000013326				
											ENSOARG00000013358				
											ENSOARG00000013370				
											ENSOARG00000013375				
											ENSOARG00000013410				
											ENSOARG00000013500				
											ENSOARG00000013521				
											ENSOARG00000013529				
											ENSOARG00000013538				
											ENSOARG00000013580				
											ENSOARG00000013608				
											ENSOARG00000013617				
											ENSOARG00000013628				
											ENSOARG00000013669				
											ENSOARG00000013694				
											ENSOARG00000013727				
											ENSOARG00000013772				
											ENSOARG00000013790				
											ENSOARG00000013832				
											ENSOARG00000013859				
											ENSOARG00000013891				
											ENSOARG00000013963				
											ENSOARG00000014011				
											ENSOARG00000014051				
											ENSOARG00000014073				
											ENSOARG00000014116				
											ENSOARG00000014123				
											ENSOARG00000014124				
											ENSOARG00000014207				
											ENSOARG00000014212				
											ENSOARG00000014253				
											ENSOARG00000014336				
											ENSOARG00000014470				
											ENSOARG00000014488				
											ENSOARG00000014509				
											ENSOARG00000014586				
											ENSOARG00000014661				
											ENSOARG00000014686				
											ENSOARG00000014701				
											ENSOARG00000014710				
											ENSOARG00000014717				
											ENSOARG00000014718				
											ENSOARG00000014751				
											ENSOARG00000014779				
											ENSOARG00000014801				
											ENSOARG00000014836				
											ENSOARG00000014841				
											ENSOARG00000014885				
											ENSOARG00000014898				
											ENSOARG00000014986				
											ENSOARG00000015034				
											ENSOARG00000015044				
											ENSOARG00000015076				
											ENSOARG00000015118				
											ENSOARG00000015132				
											ENSOARG00000015144				
											ENSOARG00000015152				
											ENSOARG00000015167				
											ENSOARG00000015194				
											ENSOARG00000015267				
											ENSOARG00000015297				
											ENSOARG00000015346				
											ENSOARG00000015386				
											ENSOARG00000015403				
											ENSOARG00000015421				
											ENSOARG00000015422				
											ENSOARG00000015424				
											ENSOARG00000015432				
											ENSOARG00000015447				
											ENSOARG00000015462				
											ENSOARG00000015467				
											ENSOARG00000015469				
											ENSOARG00000015557				
											ENSOARG00000015578				
											ENSOARG00000015579				
											ENSOARG00000015628				
											ENSOARG00000015650				
											ENSOARG00000015673				
											ENSOARG00000015700				
											ENSOARG00000015720				
											ENSOARG00000015752				
											ENSOARG00000015830				
											ENSOARG00000015853				
											ENSOARG00000015857				
											ENSOARG00000015908				
											ENSOARG00000015937				
											ENSOARG00000015973				
											ENSOARG00000016027				
											ENSOARG00000016050				
											ENSOARG00000016181				
											ENSOARG00000016215				
											ENSOARG00000016243				
											ENSOARG00000016305				
											ENSOARG00000016391				
											ENSOARG00000016412				
											ENSOARG00000016481				
											ENSOARG00000016534				
											ENSOARG00000016547				
											ENSOARG00000016603				
											ENSOARG00000016606				
											ENSOARG00000016717				
											ENSOARG00000016726				
											ENSOARG00000016793				
											ENSOARG00000016828				
											ENSOARG00000016834				
											ENSOARG00000016949				
											ENSOARG00000016952				
											ENSOARG00000017011				
											ENSOARG00000017069				
											ENSOARG00000017097				
											ENSOARG00000017163				
											ENSOARG00000017180				
											ENSOARG00000017214				
											ENSOARG00000017220				
											ENSOARG00000017237				
											ENSOARG00000017242				
											ENSOARG00000017251				
											ENSOARG00000017264				
											ENSOARG00000017385				
											ENSOARG00000017488				
											ENSOARG00000017493				
											ENSOARG00000017532				
											ENSOARG00000017546				
											ENSOARG00000017631				
											ENSOARG00000017689				
											ENSOARG00000017704				
											ENSOARG00000017739				
											ENSOARG00000017740				
											ENSOARG00000017758				
											ENSOARG00000017765				
											ENSOARG00000017791				
											ENSOARG00000017823				
											ENSOARG00000017875				
											ENSOARG00000017882				
											ENSOARG00000017892				
											ENSOARG00000017919				
											ENSOARG00000017954				
											ENSOARG00000017964				
											ENSOARG00000018022				
											ENSOARG00000018036				
											ENSOARG00000018055				
											ENSOARG00000018070				
											ENSOARG00000018091				
											ENSOARG00000018146				
											ENSOARG00000018162				
											ENSOARG00000018177				
											ENSOARG00000018185				
											ENSOARG00000018205				
											ENSOARG00000018245				
											ENSOARG00000018268				
											ENSOARG00000018280				
											ENSOARG00000018366				
											ENSOARG00000018389				
											ENSOARG00000018396				
											ENSOARG00000018427				
											ENSOARG00000018568				
											ENSOARG00000018628				
											ENSOARG00000018635				
											ENSOARG00000018641				
											ENSOARG00000018795				
											ENSOARG00000018890				
											ENSOARG00000018891				
											ENSOARG00000018906				
											ENSOARG00000018913				
											ENSOARG00000018916				
											ENSOARG00000019016				
											ENSOARG00000019041				
											ENSOARG00000019083				
											ENSOARG00000019090				
											ENSOARG00000019093				
											ENSOARG00000019102				
											ENSOARG00000019122				
											ENSOARG00000019184				
											ENSOARG00000019265				
											ENSOARG00000019329				
											ENSOARG00000019332				
											ENSOARG00000019400				
											ENSOARG00000019409				
											ENSOARG00000019441				
											ENSOARG00000019464				
											ENSOARG00000019477				
											ENSOARG00000019515				
											ENSOARG00000019564				
											ENSOARG00000019659				
											ENSOARG00000019682				
											ENSOARG00000019691				
											ENSOARG00000019698				
											ENSOARG00000019717				
											ENSOARG00000019784				
											ENSOARG00000019786				
											ENSOARG00000019799				
											ENSOARG00000019883				
											ENSOARG00000020018				
											ENSOARG00000020076				
											ENSOARG00000020077				
											ENSOARG00000020090				
											ENSOARG00000020131				
											ENSOARG00000020158				
											ENSOARG00000020176				
											ENSOARG00000020178				
											ENSOARG00000020215				
											ENSOARG00000020309				
											ENSOARG00000020356				
											ENSOARG00000020371				
											ENSOARG00000020387				
											ENSOARG00000020443				
											ENSOARG00000020451				
											ENSOARG00000020452				
											ENSOARG00000020458				
											ENSOARG00000020469				
											ENSOARG00000020474				
											ENSOARG00000020522				
											ENSOARG00000020572				
											ENSOARG00000020608				
											ENSOARG00000020626				
											ENSOARG00000020689				
											ENSOARG00000020698				
											ENSOARG00000020707				
											ENSOARG00000020799				
											ENSOARG00000020808				
											ENSOARG00000020884				
											ENSOARG00000020889				
											ENSOARG00000020908				
											ENSOARG00000020959				
											ENSOARG00000020976				
											ENSOARG00000021041				
											ENSOARG00000021044				
											ENSOARG00000021054				
											ENSOARG00000021076				
											ENSOARG00000021077				
											ENSOARG00000021134				
											ENSOARG00000021181				
											ENSOARG00000021182				
											ENSOARG00000021185				
											ENSOARG00000021200				
											ENSOARG00000021491				
											ENSOARG00000021677				
											ENSOARG00000023147				
											ENSOARG00000023271				
											ENSOARG00000023519				
											ENSOARG00000025169				
											ENSOARG00000025214				
											ENSOARG00000025305				
											ENSOARG00000025690				
											ENSOARG00000025698				
											ENSOARG00000025761				
											ENSOARG00000025935				
											ENSOARG00000026123				
											ENSOARG00000026243				
											ENSOARG00000026272				
											ENSOARG00000026322				
											ENSOARG00000026484				
											ENSOARG00000026638				
											ENSOARG00000026693				
											ENSOARG00000026946				
