"","entrezgene","ensembl_gene_id","ensembl_transcript_id","ensembl_peptide_id"
"1",101111137,"ENSOARG00000000072","ENSOART00000000075","ENSOARP00000000050"
"2",101119927,"ENSOARG00000000123","ENSOART00000000128","ENSOARP00000000103"
"3",NA,"ENSOARG00000000130","ENSOART00000000135","ENSOARP00000000110"
"4",443139,"ENSOARG00000000158","ENSOART00000000161","ENSOARP00000000136"
"5",NA,"ENSOARG00000000217","ENSOART00000000226","ENSOARP00000000200"
"6",678677,"ENSOARG00000000229","ENSOART00000000237","ENSOARP00000000211"
"7",678677,"ENSOARG00000000229","ENSOART00000000238","ENSOARP00000000212"
"8",101102850,"ENSOARG00000000304","ENSOART00000000323","ENSOARP00000000297"
"9",101102692,"ENSOARG00000000327","ENSOART00000000354","ENSOARP00000000328"
"10",101102692,"ENSOARG00000000327","ENSOART00000000356","ENSOARP00000000330"
"11",101118986,"ENSOARG00000000345","ENSOART00000000365","ENSOARP00000000338"
"12",NA,"ENSOARG00000000348","ENSOART00000000366","ENSOARP00000000339"
"13",101117844,"ENSOARG00000000392","ENSOART00000000417","ENSOARP00000000389"
"14",101103901,"ENSOARG00000000412","ENSOART00000000449","ENSOARP00000000421"
"15",101112084,"ENSOARG00000000443","ENSOART00000000471","ENSOARP00000000443"
"16",101102163,"ENSOARG00000000461","ENSOART00000000489","ENSOARP00000000461"
"17",101120658,"ENSOARG00000000465","ENSOART00000000521","ENSOARP00000000493"
"18",101120658,"ENSOARG00000000465","ENSOART00000000531","ENSOARP00000000503"
"19",101112718,"ENSOARG00000000468","ENSOART00000000498","ENSOARP00000000470"
"20",101105339,"ENSOARG00000000468","ENSOART00000000498","ENSOARP00000000470"
"21",NA,"ENSOARG00000000484","ENSOART00000000517","ENSOARP00000000489"
"22",101109832,"ENSOARG00000000498","ENSOART00000000540","ENSOARP00000000512"
"23",101112907,"ENSOARG00000000510","ENSOART00000000546","ENSOARP00000000517"
"24",101104763,"ENSOARG00000000522","ENSOART00000000557","ENSOARP00000000528"
"25",101122356,"ENSOARG00000000531","ENSOART00000000590","ENSOARP00000000560"
"26",101102951,"ENSOARG00000000549","ENSOART00000000606","ENSOARP00000000576"
"27",101102951,"ENSOARG00000000549","ENSOART00000000614","ENSOARP00000000584"
"28",101113683,"ENSOARG00000000612","ENSOART00000000654","ENSOARP00000000624"
"29",101112078,"ENSOARG00000000654","ENSOART00000000704","ENSOARP00000000672"
"30",NA,"ENSOARG00000000656","ENSOART00000000703","ENSOARP00000000671"
"31",101113941,"ENSOARG00000000675","ENSOART00000000734","ENSOARP00000000702"
"32",101112788,"ENSOARG00000000684","ENSOART00000000733","ENSOARP00000000701"
"33",101112788,"ENSOARG00000000684","ENSOART00000000735","ENSOARP00000000703"
"34",101113039,"ENSOARG00000000714","ENSOART00000000765","ENSOARP00000000733"
"35",101108959,"ENSOARG00000000729","ENSOART00000000789","ENSOARP00000000757"
"36",NA,"ENSOARG00000000741","ENSOART00000000791","ENSOARP00000000759"
"37",443076,"ENSOARG00000000778","ENSOART00000000848","ENSOARP00000000815"
"38",443076,"ENSOARG00000000778","ENSOART00000000854","ENSOARP00000000821"
"39",NA,"ENSOARG00000000803","ENSOART00000000871","ENSOARP00000000838"
"40",100302306,"ENSOARG00000000838","ENSOART00000000896","ENSOARP00000000863"
"41",101107803,"ENSOARG00000000848","ENSOART00000000910","ENSOARP00000000877"
"42",101123436,"ENSOARG00000000858","ENSOART00000000938","ENSOARP00000000905"
"43",NA,"ENSOARG00000000870","ENSOART00000000928","ENSOARP00000000895"
"44",NA,"ENSOARG00000000879","ENSOART00000000935","ENSOARP00000000902"
"45",101121055,"ENSOARG00000000899","ENSOART00000000973","ENSOARP00000000940"
"46",101121055,"ENSOARG00000000899","ENSOART00000000976","ENSOARP00000000943"
"47",101106254,"ENSOARG00000000936","ENSOART00000001002","ENSOARP00000000969"
"48",101122940,"ENSOARG00000000950","ENSOART00000001080","ENSOARP00000001046"
"49",101103200,"ENSOARG00000001010","ENSOART00000001087","ENSOARP00000001053"
"50",101103200,"ENSOARG00000001010","ENSOART00000001092","ENSOARP00000001058"
"51",101114097,"ENSOARG00000001035","ENSOART00000001106","ENSOARP00000001072"
"52",443087,"ENSOARG00000001060","ENSOART00000001140","ENSOARP00000001106"
"53",NA,"ENSOARG00000001084","ENSOART00000001159",""
"54",NA,"ENSOARG00000001111","ENSOART00000001186","ENSOARP00000001150"
"55",101103321,"ENSOARG00000001138","ENSOART00000001229","ENSOARP00000001192"
"56",101105821,"ENSOARG00000001160","ENSOART00000001247","ENSOARP00000001210"
"57",NA,"ENSOARG00000001254","ENSOART00000001354","ENSOARP00000001314"
"58",101116261,"ENSOARG00000001300","ENSOART00000001394","ENSOARP00000001354"
"59",101108128,"ENSOARG00000001308","ENSOART00000001404","ENSOARP00000001364"
"60",101108128,"ENSOARG00000001308","ENSOART00000001406","ENSOARP00000001366"
"61",101112685,"ENSOARG00000001346","ENSOART00000001444","ENSOARP00000001404"
"62",443167,"ENSOARG00000001374","ENSOART00000001471","ENSOARP00000001431"
"63",NA,"ENSOARG00000001395","ENSOART00000001498","ENSOARP00000001458"
"64",101120570,"ENSOARG00000001456","ENSOART00000001565","ENSOARP00000001522"
"65",101104858,"ENSOARG00000001489","ENSOART00000001596","ENSOARP00000001553"
"66",101104858,"ENSOARG00000001489","ENSOART00000001597","ENSOARP00000001554"
"67",100294659,"ENSOARG00000001511","ENSOART00000001619","ENSOARP00000001576"
"68",NA,"ENSOARG00000001525","ENSOART00000001636","ENSOARP00000001593"
"69",NA,"ENSOARG00000001543","ENSOART00000001653","ENSOARP00000001610"
"70",101110186,"ENSOARG00000001544","ENSOART00000001656","ENSOARP00000001613"
"71",101109920,"ENSOARG00000001544","ENSOART00000001656","ENSOARP00000001613"
"72",101110186,"ENSOARG00000001544","ENSOART00000001663","ENSOARP00000001620"
"73",101109920,"ENSOARG00000001544","ENSOART00000001663","ENSOARP00000001620"
"74",101110186,"ENSOARG00000001544","ENSOART00000001665","ENSOARP00000001622"
"75",101109920,"ENSOARG00000001544","ENSOART00000001665","ENSOARP00000001622"
"76",NA,"ENSOARG00000001554","ENSOART00000001669","ENSOARP00000001626"
"77",NA,"ENSOARG00000001587","ENSOART00000001704","ENSOARP00000001661"
"78",101111037,"ENSOARG00000001637","ENSOART00000001763","ENSOARP00000001720"
"79",NA,"ENSOARG00000001673","ENSOART00000001800","ENSOARP00000001757"
"80",101121442,"ENSOARG00000001735","ENSOART00000001868","ENSOARP00000001823"
"81",101106707,"ENSOARG00000001745","ENSOART00000001876","ENSOARP00000001829"
"82",443218,"ENSOARG00000001783","ENSOART00000001920","ENSOARP00000001873"
"83",101118905,"ENSOARG00000001827","ENSOART00000001960","ENSOARP00000001913"
"84",101118905,"ENSOARG00000001827","ENSOART00000001961","ENSOARP00000001914"
"85",101117451,"ENSOARG00000001848","ENSOART00000001986","ENSOARP00000001939"
"86",101107462,"ENSOARG00000001849","ENSOART00000001989","ENSOARP00000001942"
"87",101107462,"ENSOARG00000001849","ENSOART00000001990","ENSOARP00000001943"
"88",101109283,"ENSOARG00000001933","ENSOART00000002082","ENSOARP00000002035"
"89",NA,"ENSOARG00000001968","ENSOART00000002115","ENSOARP00000002066"
"90",101109602,"ENSOARG00000001985","ENSOART00000002137","ENSOARP00000002087"
"91",101117164,"ENSOARG00000002031","ENSOART00000002187","ENSOARP00000002137"
"92",101123073,"ENSOARG00000002035","ENSOART00000002191","ENSOARP00000002141"
"93",554323,"ENSOARG00000002050","ENSOART00000002207","ENSOARP00000002156"
"94",101120648,"ENSOARG00000002053","ENSOART00000002209","ENSOARP00000002158"
"95",101116207,"ENSOARG00000002060","ENSOART00000002225","ENSOARP00000002174"
"96",NA,"ENSOARG00000002079","ENSOART00000002238","ENSOARP00000002187"
"97",101108246,"ENSOARG00000002145","ENSOART00000002319","ENSOARP00000002268"
"98",101108246,"ENSOARG00000002145","ENSOART00000002321","ENSOARP00000002270"
"99",101123244,"ENSOARG00000002211","ENSOART00000002382","ENSOARP00000002331"
"100",NA,"ENSOARG00000002307","ENSOART00000002494","ENSOARP00000002442"
"101",101107654,"ENSOARG00000002356","ENSOART00000002554","ENSOARP00000002502"
"102",NA,"ENSOARG00000002402","ENSOART00000002604","ENSOARP00000002551"
"103",101103244,"ENSOARG00000002489","ENSOART00000002715","ENSOARP00000002662"
"104",101103244,"ENSOARG00000002489","ENSOART00000002721","ENSOARP00000002668"
"105",101118310,"ENSOARG00000002539","ENSOART00000002751","ENSOARP00000002698"
"106",101118310,"ENSOARG00000002539","ENSOART00000002754","ENSOARP00000002701"
"107",NA,"ENSOARG00000002559","ENSOART00000002770","ENSOARP00000002716"
"108",NA,"ENSOARG00000002562","ENSOART00000002776","ENSOARP00000002722"
"109",NA,"ENSOARG00000002564","ENSOART00000002777","ENSOARP00000002723"
"110",101123627,"ENSOARG00000002587","ENSOART00000002806","ENSOARP00000002751"
"111",NA,"ENSOARG00000002639","ENSOART00000002862","ENSOARP00000002807"
"112",101103617,"ENSOARG00000002674","ENSOART00000002895","ENSOARP00000002840"
"113",NA,"ENSOARG00000002688","ENSOART00000002940","ENSOARP00000002883"
"114",101109844,"ENSOARG00000002693","ENSOART00000002916","ENSOARP00000002860"
"115",NA,"ENSOARG00000002724","ENSOART00000002950","ENSOARP00000002893"
"116",101107202,"ENSOARG00000002746","ENSOART00000002972","ENSOARP00000002913"
"117",101102186,"ENSOARG00000002778","ENSOART00000003008","ENSOARP00000002949"
"118",NA,"ENSOARG00000002790","ENSOART00000003034","ENSOARP00000002975"
"119",NA,"ENSOARG00000002798","ENSOART00000003028","ENSOARP00000002969"
"120",101104443,"ENSOARG00000002815","ENSOART00000003057","ENSOARP00000002998"
"121",NA,"ENSOARG00000002844","ENSOART00000003079","ENSOARP00000003019"
"122",NA,"ENSOARG00000002844","ENSOART00000003081","ENSOARP00000003021"
"123",101120244,"ENSOARG00000002865","ENSOART00000003099","ENSOARP00000003039"
"124",101120631,"ENSOARG00000002866","ENSOART00000003106","ENSOARP00000003046"
"125",101118622,"ENSOARG00000002887","ENSOART00000003129","ENSOARP00000003069"
"126",101104759,"ENSOARG00000002898","ENSOART00000003139","ENSOARP00000003079"
"127",NA,"ENSOARG00000002924","ENSOART00000003164","ENSOARP00000003104"
"128",101112614,"ENSOARG00000002973","ENSOART00000003221","ENSOARP00000003161"
"129",NA,"ENSOARG00000002991","ENSOART00000003243","ENSOARP00000003183"
"130",NA,"ENSOARG00000003030","ENSOART00000003279","ENSOARP00000003219"
"131",100337686,"ENSOARG00000003042","ENSOART00000003298","ENSOARP00000003238"
"132",101107662,"ENSOARG00000003044","ENSOART00000003299","ENSOARP00000003239"
"133",101109259,"ENSOARG00000003121","ENSOART00000003386","ENSOARP00000003323"
"134",NA,"ENSOARG00000003213","ENSOART00000003482","ENSOARP00000003418"
"135",NA,"ENSOARG00000003221","ENSOART00000003500","ENSOARP00000003436"
"136",100359363,"ENSOARG00000003319","ENSOART00000003608","ENSOARP00000003544"
"137",100359363,"ENSOARG00000003319","ENSOART00000003610","ENSOARP00000003546"
"138",101107075,"ENSOARG00000003365","ENSOART00000003658","ENSOARP00000003594"
"139",101107075,"ENSOARG00000003365","ENSOART00000003659","ENSOARP00000003595"
"140",101115180,"ENSOARG00000003366","ENSOART00000003666","ENSOARP00000003602"
"141",NA,"ENSOARG00000003401","ENSOART00000003696","ENSOARP00000003630"
"142",101114354,"ENSOARG00000003419","ENSOART00000003718","ENSOARP00000003651"
"143",101116988,"ENSOARG00000003437","ENSOART00000003732","ENSOARP00000003665"
"144",101116988,"ENSOARG00000003437","ENSOART00000003733","ENSOARP00000003666"
"145",101121311,"ENSOARG00000003449","ENSOART00000003751","ENSOARP00000003684"
"146",101105172,"ENSOARG00000003452","ENSOART00000003750","ENSOARP00000003683"
"147",NA,"ENSOARG00000003492","ENSOART00000003793","ENSOARP00000003726"
"148",101114137,"ENSOARG00000003513","ENSOART00000003819","ENSOARP00000003752"
"149",NA,"ENSOARG00000003517","ENSOART00000003841","ENSOARP00000003774"
"150",101106550,"ENSOARG00000003577","ENSOART00000003882","ENSOARP00000003815"
"151",101121876,"ENSOARG00000003601","ENSOART00000003909","ENSOARP00000003841"
"152",101110423,"ENSOARG00000003624","ENSOART00000003953","ENSOARP00000003885"
"153",NA,"ENSOARG00000003647","ENSOART00000003960","ENSOARP00000003892"
"154",NA,"ENSOARG00000003664","ENSOART00000003980","ENSOARP00000003911"
"155",101114918,"ENSOARG00000003701","ENSOART00000004021","ENSOARP00000003951"
"156",101114918,"ENSOARG00000003701","ENSOART00000004022","ENSOARP00000003952"
"157",101104065,"ENSOARG00000003722","ENSOART00000004041","ENSOARP00000003971"
"158",101115029,"ENSOARG00000003729","ENSOART00000004050","ENSOARP00000003980"
"159",NA,"ENSOARG00000003778","ENSOART00000004104","ENSOARP00000004033"
"160",NA,"ENSOARG00000003820","ENSOART00000004157","ENSOARP00000004085"
"161",101119904,"ENSOARG00000003828","ENSOART00000004155","ENSOARP00000004083"
"162",101115081,"ENSOARG00000003849","ENSOART00000004187","ENSOARP00000004114"
"163",101115081,"ENSOARG00000003849","ENSOART00000004191","ENSOARP00000004118"
"164",NA,"ENSOARG00000003856","ENSOART00000004217","ENSOARP00000004144"
"165",101116193,"ENSOARG00000003857","ENSOART00000004193","ENSOARP00000004120"
"166",100048994,"ENSOARG00000003867","ENSOART00000004203","ENSOARP00000004130"
"167",101109074,"ENSOARG00000003875","ENSOART00000004211","ENSOARP00000004138"
"168",NA,"ENSOARG00000003895","ENSOART00000004233","ENSOARP00000004160"
"169",101107632,"ENSOARG00000003963","ENSOART00000004307","ENSOARP00000004233"
"170",NA,"ENSOARG00000004045","ENSOART00000004395","ENSOARP00000004319"
"171",101114541,"ENSOARG00000004049","ENSOART00000004403","ENSOARP00000004327"
"172",101122822,"ENSOARG00000004062","ENSOART00000004413","ENSOARP00000004337"
"173",NA,"ENSOARG00000004145","ENSOART00000004507","ENSOARP00000004429"
"174",101104387,"ENSOARG00000004190","ENSOART00000004559","ENSOARP00000004480"
"175",101109295,"ENSOARG00000004211","ENSOART00000004583","ENSOARP00000004503"
"176",100125355,"ENSOARG00000004222","ENSOART00000004593","ENSOARP00000004512"
"177",101110448,"ENSOARG00000004239","ENSOART00000004618","ENSOARP00000004537"
"178",101110448,"ENSOARG00000004239","ENSOART00000004623","ENSOARP00000004542"
"179",105616457,"ENSOARG00000004247","ENSOART00000004625","ENSOARP00000004544"
"180",NA,"ENSOARG00000004299","ENSOART00000004685","ENSOARP00000004604"
"181",101105582,"ENSOARG00000004315","ENSOART00000004702","ENSOARP00000004621"
"182",101113447,"ENSOARG00000004326","ENSOART00000004713","ENSOARP00000004632"
"183",101111393,"ENSOARG00000004394","ENSOART00000004786","ENSOARP00000004705"
"184",105608408,"ENSOARG00000004395","ENSOART00000004781","ENSOARP00000004700"
"185",101111838,"ENSOARG00000004415","ENSOART00000004811","ENSOARP00000004730"
"186",NA,"ENSOARG00000004438","ENSOART00000004831","ENSOARP00000004750"
"187",101107931,"ENSOARG00000004454","ENSOART00000004846","ENSOARP00000004765"
"188",101110947,"ENSOARG00000004493","ENSOART00000004889","ENSOARP00000004808"
"189",443429,"ENSOARG00000004611","ENSOART00000005022","ENSOARP00000004938"
"190",101110437,"ENSOARG00000004730","ENSOART00000005148","ENSOARP00000005063"
"191",101112420,"ENSOARG00000004758","ENSOART00000005177","ENSOARP00000005091"
"192",101116563,"ENSOARG00000004800","ENSOART00000005233","ENSOARP00000005147"
"193",NA,"ENSOARG00000004829","ENSOART00000005263","ENSOARP00000005176"
"194",NA,"ENSOARG00000004833","ENSOART00000005266","ENSOARP00000005179"
"195",101121479,"ENSOARG00000004881","ENSOART00000005317","ENSOARP00000005230"
"196",101121735,"ENSOARG00000004915","ENSOART00000005346","ENSOARP00000005259"
"197",101119157,"ENSOARG00000004930","ENSOART00000005368","ENSOARP00000005281"
"198",NA,"ENSOARG00000004942","ENSOART00000005396","ENSOARP00000005309"
"199",NA,"ENSOARG00000004944","ENSOART00000005380","ENSOARP00000005293"
"200",NA,"ENSOARG00000004944","ENSOART00000005382","ENSOARP00000005295"
"201",641306,"ENSOARG00000004969","ENSOART00000005411","ENSOARP00000005324"
"202",NA,"ENSOARG00000005014","ENSOART00000005457","ENSOARP00000005370"
"203",101115467,"ENSOARG00000005078","ENSOART00000005533","ENSOARP00000005446"
"204",101108143,"ENSOARG00000005083","ENSOART00000005537","ENSOARP00000005450"
"205",101114207,"ENSOARG00000005098","ENSOART00000005553","ENSOARP00000005466"
"206",101115616,"ENSOARG00000005106","ENSOART00000005581","ENSOARP00000005494"
"207",101115717,"ENSOARG00000005124","ENSOART00000005585","ENSOARP00000005498"
"208",101115717,"ENSOARG00000005124","ENSOART00000005586","ENSOARP00000005499"
"209",NA,"ENSOARG00000005149","ENSOART00000005608","ENSOARP00000005521"
"210",100302099,"ENSOARG00000005169","ENSOART00000005628","ENSOARP00000005541"
"211",101105462,"ENSOARG00000005228","ENSOART00000005703","ENSOARP00000005615"
"212",101103781,"ENSOARG00000005230","ENSOART00000005702","ENSOARP00000005614"
"213",101109164,"ENSOARG00000005238","ENSOART00000005711","ENSOARP00000005623"
"214",105612224,"ENSOARG00000005247","ENSOART00000005720","ENSOARP00000005632"
"215",NA,"ENSOARG00000005263","ENSOART00000005748","ENSOARP00000005660"
"216",101120355,"ENSOARG00000005315","ENSOART00000005796","ENSOARP00000005708"
"217",101103416,"ENSOARG00000005318","ENSOART00000005794","ENSOARP00000005706"
"218",NA,"ENSOARG00000005367","ENSOART00000005849","ENSOARP00000005761"
"219",101115469,"ENSOARG00000005448","ENSOART00000005936","ENSOARP00000005846"
"220",101107486,"ENSOARG00000005450","ENSOART00000005952","ENSOARP00000005862"
"221",101123646,"ENSOARG00000005462","ENSOART00000005953","ENSOARP00000005863"
"222",101107659,"ENSOARG00000005471","ENSOART00000005962","ENSOARP00000005872"
"223",NA,"ENSOARG00000005484","ENSOART00000005978","ENSOARP00000005888"
"224",NA,"ENSOARG00000005503","ENSOART00000005996","ENSOARP00000005906"
"225",101102609,"ENSOARG00000005513","ENSOART00000006009","ENSOARP00000005919"
"226",101102609,"ENSOARG00000005513","ENSOART00000006010","ENSOARP00000005920"
"227",NA,"ENSOARG00000005526","ENSOART00000006021","ENSOARP00000005931"
"228",NA,"ENSOARG00000005655","ENSOART00000006158","ENSOARP00000006066"
"229",NA,"ENSOARG00000005699","ENSOART00000006204","ENSOARP00000006110"
"230",101110310,"ENSOARG00000005709","ENSOART00000006226","ENSOARP00000006132"
"231",NA,"ENSOARG00000005722","ENSOART00000006234","ENSOARP00000006140"
"232",101114925,"ENSOARG00000005766","ENSOART00000006275","ENSOARP00000006181"
"233",101107656,"ENSOARG00000005780","ENSOART00000006293","ENSOARP00000006199"
"234",101110894,"ENSOARG00000005783","ENSOART00000006294","ENSOARP00000006200"
"235",NA,"ENSOARG00000005800","ENSOART00000006315","ENSOARP00000006220"
"236",101108627,"ENSOARG00000005812","ENSOART00000006330","ENSOARP00000006235"
"237",101102359,"ENSOARG00000005821","ENSOART00000006337","ENSOARP00000006242"
"238",101123440,"ENSOARG00000005833","ENSOART00000006351","ENSOARP00000006256"
"239",NA,"ENSOARG00000005849","ENSOART00000006366","ENSOARP00000006271"
"240",NA,"ENSOARG00000005854","ENSOART00000006377","ENSOARP00000006281"
"241",443157,"ENSOARG00000005888","ENSOART00000006417","ENSOARP00000006321"
"242",101110155,"ENSOARG00000005916","ENSOART00000006440","ENSOARP00000006343"
"243",101116125,"ENSOARG00000006002","ENSOART00000006526","ENSOARP00000006429"
"244",101117636,"ENSOARG00000006008","ENSOART00000006529","ENSOARP00000006432"
"245",101112349,"ENSOARG00000006033","ENSOART00000006555","ENSOARP00000006458"
"246",NA,"ENSOARG00000006041","ENSOART00000006569","ENSOARP00000006471"
"247",NA,"ENSOARG00000006043","ENSOART00000006568","ENSOARP00000006470"
"248",NA,"ENSOARG00000006043","ENSOART00000006570","ENSOARP00000006472"
"249",443283,"ENSOARG00000006068","ENSOART00000006599","ENSOARP00000006501"
"250",101106679,"ENSOARG00000006085","ENSOART00000006616","ENSOARP00000006518"
"251",101113516,"ENSOARG00000006087","ENSOART00000006617","ENSOARP00000006519"
"252",101113516,"ENSOARG00000006087","ENSOART00000006618","ENSOARP00000006520"
"253",101105017,"ENSOARG00000006146","ENSOART00000006684","ENSOARP00000006581"
"254",101103762,"ENSOARG00000006159","ENSOART00000006699","ENSOARP00000006596"
"255",101112333,"ENSOARG00000006175","ENSOART00000006715","ENSOARP00000006612"
"256",101104015,"ENSOARG00000006210","ENSOART00000006757","ENSOARP00000006654"
"257",NA,"ENSOARG00000006211","ENSOART00000006758","ENSOARP00000006655"
"258",101112833,"ENSOARG00000006214","ENSOART00000006756","ENSOARP00000006653"
"259",101122106,"ENSOARG00000006218","ENSOART00000006762","ENSOARP00000006658"
"260",NA,"ENSOARG00000006275","ENSOART00000006824","ENSOARP00000006720"
"261",101106569,"ENSOARG00000006314","ENSOART00000006867","ENSOARP00000006763"
"262",101110180,"ENSOARG00000006322","ENSOART00000006873","ENSOARP00000006769"
"263",101119989,"ENSOARG00000006407","ENSOART00000006970","ENSOARP00000006865"
"264",101104997,"ENSOARG00000006408","ENSOART00000006965","ENSOARP00000006860"
"265",101119554,"ENSOARG00000006427","ENSOART00000007014","ENSOARP00000006909"
"266",NA,"ENSOARG00000006447","ENSOART00000007005","ENSOARP00000006900"
"267",101122727,"ENSOARG00000006451","ENSOART00000007010","ENSOARP00000006905"
"268",NA,"ENSOARG00000006480","ENSOART00000007042",""
"269",101107090,"ENSOARG00000006489","ENSOART00000007054","ENSOARP00000006947"
"270",101121291,"ENSOARG00000006517","ENSOART00000007086","ENSOARP00000006979"
"271",NA,"ENSOARG00000006521","ENSOART00000007101","ENSOARP00000006994"
"272",101117111,"ENSOARG00000006557","ENSOART00000007129","ENSOARP00000007022"
"273",101118793,"ENSOARG00000006569","ENSOART00000007143","ENSOARP00000007036"
"274",101118793,"ENSOARG00000006569","ENSOART00000007144","ENSOARP00000007037"
"275",101110294,"ENSOARG00000006577","ENSOART00000007150","ENSOARP00000007043"
"276",101112600,"ENSOARG00000006586","ENSOART00000007158","ENSOARP00000007051"
"277",101112113,"ENSOARG00000006659","ENSOART00000007238","ENSOARP00000007131"
"278",NA,"ENSOARG00000006675","ENSOART00000007264","ENSOARP00000007157"
"279",101123660,"ENSOARG00000006714","ENSOART00000007297","ENSOARP00000007189"
"280",101107489,"ENSOARG00000006716","ENSOART00000007298","ENSOARP00000007190"
"281",101106359,"ENSOARG00000006737","ENSOART00000007319","ENSOARP00000007211"
"282",101116072,"ENSOARG00000006756","ENSOART00000007346","ENSOARP00000007237"
"283",NA,"ENSOARG00000006822","ENSOART00000007428","ENSOARP00000007319"
"284",101118217,"ENSOARG00000006855","ENSOART00000007451","ENSOARP00000007340"
"285",101118423,"ENSOARG00000006867","ENSOART00000007475","ENSOARP00000007364"
"286",101116649,"ENSOARG00000006901","ENSOART00000007511","ENSOARP00000007400"
"287",101113891,"ENSOARG00000006909","ENSOART00000007507","ENSOARP00000007396"
"288",101113607,"ENSOARG00000006911","ENSOART00000007512","ENSOARP00000007401"
"289",101104313,"ENSOARG00000006935","ENSOART00000007535","ENSOARP00000007424"
"290",NA,"ENSOARG00000006941","ENSOART00000007542","ENSOARP00000007431"
"291",101104587,"ENSOARG00000006979","ENSOART00000007595","ENSOARP00000007483"
"292",101103935,"ENSOARG00000006993","ENSOART00000007603","ENSOARP00000007491"
"293",101103935,"ENSOARG00000006993","ENSOART00000007605","ENSOARP00000007493"
"294",NA,"ENSOARG00000006999","ENSOART00000007611","ENSOARP00000007499"
"295",101113125,"ENSOARG00000007029","ENSOART00000007648","ENSOARP00000007535"
"296",NA,"ENSOARG00000007044","ENSOART00000007665","ENSOARP00000007552"
"297",101119248,"ENSOARG00000007200","ENSOART00000007831","ENSOARP00000007716"
"298",NA,"ENSOARG00000007244","ENSOART00000007880","ENSOARP00000007764"
"299",NA,"ENSOARG00000007252","ENSOART00000007887","ENSOARP00000007771"
"300",101118495,"ENSOARG00000007262","ENSOART00000007895","ENSOARP00000007779"
"301",101118501,"ENSOARG00000007283","ENSOART00000007917","ENSOARP00000007800"
"302",NA,"ENSOARG00000007287","ENSOART00000007921","ENSOARP00000007804"
"303",100415775,"ENSOARG00000007318","ENSOART00000007960","ENSOARP00000007843"
"304",101111409,"ENSOARG00000007322","ENSOART00000007966","ENSOARP00000007849"
"305",101119262,"ENSOARG00000007329","ENSOART00000007976","ENSOARP00000007859"
"306",101120824,"ENSOARG00000007414","ENSOART00000008078","ENSOARP00000007961"
"307",NA,"ENSOARG00000007432","ENSOART00000008091","ENSOARP00000007974"
"308",101102318,"ENSOARG00000007449","ENSOART00000008113","ENSOARP00000007995"
"309",101110896,"ENSOARG00000007494","ENSOART00000008164","ENSOARP00000008044"
"310",NA,"ENSOARG00000007510","ENSOART00000008175","ENSOARP00000008055"
"311",NA,"ENSOARG00000007515","ENSOART00000008178","ENSOARP00000008058"
"312",101109625,"ENSOARG00000007534","ENSOART00000008202","ENSOARP00000008082"
"313",101104572,"ENSOARG00000007549","ENSOART00000008216","ENSOARP00000008095"
"314",100528014,"ENSOARG00000007579","ENSOART00000008250","ENSOARP00000008129"
"315",101110806,"ENSOARG00000007580","ENSOART00000008253","ENSOARP00000008132"
"316",101110806,"ENSOARG00000007580","ENSOART00000008255","ENSOARP00000008134"
"317",NA,"ENSOARG00000007622","ENSOART00000008301","ENSOARP00000008180"
"318",101112454,"ENSOARG00000007648","ENSOART00000008325","ENSOARP00000008203"
"319",443011,"ENSOARG00000007656","ENSOART00000008332","ENSOARP00000008210"
"320",100147787,"ENSOARG00000007666","ENSOART00000008342","ENSOARP00000008220"
"321",101121565,"ENSOARG00000007676","ENSOART00000008353","ENSOARP00000008231"
"322",101116321,"ENSOARG00000007696","ENSOART00000008380","ENSOARP00000008258"
"323",101115312,"ENSOARG00000007720","ENSOART00000008403","ENSOARP00000008281"
"324",101115312,"ENSOARG00000007720","ENSOART00000008406","ENSOARP00000008284"
"325",NA,"ENSOARG00000007738","ENSOART00000008431","ENSOARP00000008309"
"326",101104074,"ENSOARG00000007745","ENSOART00000008430","ENSOARP00000008308"
"327",101116527,"ENSOARG00000007753","ENSOART00000008448","ENSOARP00000008326"
"328",NA,"ENSOARG00000007775","ENSOART00000008462","ENSOARP00000008340"
"329",101112948,"ENSOARG00000007806","ENSOART00000008497","ENSOARP00000008375"
"330",NA,"ENSOARG00000007828","ENSOART00000008525","ENSOARP00000008403"
"331",101102511,"ENSOARG00000007849","ENSOART00000008545","ENSOARP00000008423"
"332",NA,"ENSOARG00000007892","ENSOART00000008592","ENSOARP00000008469"
"333",NA,"ENSOARG00000007919","ENSOART00000008626","ENSOARP00000008502"
"334",101111472,"ENSOARG00000007935","ENSOART00000008648","ENSOARP00000008524"
"335",101115605,"ENSOARG00000008011","ENSOART00000008723","ENSOARP00000008598"
"336",101121799,"ENSOARG00000008015","ENSOART00000008725","ENSOARP00000008600"
"337",101111557,"ENSOARG00000008063","ENSOART00000008777","ENSOARP00000008651"
"338",NA,"ENSOARG00000008076","ENSOART00000008786","ENSOARP00000008660"
"339",NA,"ENSOARG00000008078","ENSOART00000008791","ENSOARP00000008665"
"340",NA,"ENSOARG00000008096","ENSOART00000008808","ENSOARP00000008681"
"341",NA,"ENSOARG00000008186","ENSOART00000008909","ENSOARP00000008781"
"342",NA,"ENSOARG00000008189","ENSOART00000008912","ENSOARP00000008784"
"343",101102721,"ENSOARG00000008243","ENSOART00000008970","ENSOARP00000008842"
"344",101114307,"ENSOARG00000008285","ENSOART00000009022","ENSOARP00000008893"
"345",101114307,"ENSOARG00000008285","ENSOART00000009023","ENSOARP00000008894"
"346",NA,"ENSOARG00000008313","ENSOART00000009046","ENSOARP00000008916"
"347",101122350,"ENSOARG00000008330","ENSOART00000009062","ENSOARP00000008932"
"348",101108884,"ENSOARG00000008337","ENSOART00000009084","ENSOARP00000008954"
"349",101108884,"ENSOARG00000008337","ENSOART00000009085","ENSOARP00000008955"
"350",654334,"ENSOARG00000008351","ENSOART00000009087","ENSOARP00000008957"
"351",NA,"ENSOARG00000008367","ENSOART00000009102","ENSOARP00000008972"
"352",NA,"ENSOARG00000008399","ENSOART00000009139","ENSOARP00000009008"
"353",NA,"ENSOARG00000008443","ENSOART00000009186","ENSOARP00000009054"
"354",101123257,"ENSOARG00000008455","ENSOART00000009205","ENSOARP00000009073"
"355",NA,"ENSOARG00000008460","ENSOART00000009207","ENSOARP00000009075"
"356",NA,"ENSOARG00000008468","ENSOART00000009215","ENSOARP00000009083"
"357",NA,"ENSOARG00000008480","ENSOART00000009234","ENSOARP00000009102"
"358",NA,"ENSOARG00000008491","ENSOART00000009243","ENSOARP00000009111"
"359",101104023,"ENSOARG00000008574","ENSOART00000009335","ENSOARP00000009201"
"360",101104023,"ENSOARG00000008574","ENSOART00000009338","ENSOARP00000009204"
"361",101114106,"ENSOARG00000008637","ENSOART00000009401","ENSOARP00000009265"
"362",101123404,"ENSOARG00000008648","ENSOART00000009421","ENSOARP00000009285"
"363",101113198,"ENSOARG00000008650","ENSOART00000009419","ENSOARP00000009283"
"364",101109631,"ENSOARG00000008656","ENSOART00000009423","ENSOARP00000009287"
"365",NA,"ENSOARG00000008659","ENSOART00000009461","ENSOARP00000009324"
"366",NA,"ENSOARG00000008659","ENSOART00000009464","ENSOARP00000009327"
"367",101116287,"ENSOARG00000008660","ENSOART00000009428","ENSOARP00000009292"
"368",101116287,"ENSOARG00000008660","ENSOART00000009430","ENSOARP00000009294"
"369",101119259,"ENSOARG00000008693","ENSOART00000009466","ENSOARP00000009329"
"370",101119259,"ENSOARG00000008693","ENSOART00000009467","ENSOARP00000009330"
"371",101121880,"ENSOARG00000008705","ENSOART00000009493","ENSOARP00000009356"
"372",101112093,"ENSOARG00000008743","ENSOART00000009527","ENSOARP00000009390"
"373",NA,"ENSOARG00000008752","ENSOART00000009565","ENSOARP00000009428"
"374",NA,"ENSOARG00000008775","ENSOART00000009557","ENSOARP00000009420"
"375",101113251,"ENSOARG00000008786","ENSOART00000009578","ENSOARP00000009441"
"376",101112602,"ENSOARG00000008838","ENSOART00000009627","ENSOARP00000009490"
"377",101103481,"ENSOARG00000008842","ENSOART00000009635","ENSOARP00000009498"
"378",101120971,"ENSOARG00000008861","ENSOART00000009651","ENSOARP00000009514"
"379",100302564,"ENSOARG00000008867","ENSOART00000009657","ENSOARP00000009520"
"380",NA,"ENSOARG00000008896","ENSOART00000009684","ENSOARP00000009547"
"381",101107858,"ENSOARG00000008899","ENSOART00000009693","ENSOARP00000009556"
"382",101115999,"ENSOARG00000008913","ENSOART00000009705","ENSOARP00000009567"
"383",101123633,"ENSOARG00000008961","ENSOART00000009761","ENSOARP00000009622"
"384",101121221,"ENSOARG00000008967","ENSOART00000009768","ENSOARP00000009629"
"385",101121221,"ENSOARG00000008967","ENSOART00000009770","ENSOARP00000009631"
"386",100270712,"ENSOARG00000008976","ENSOART00000009779","ENSOARP00000009640"
"387",101122126,"ENSOARG00000008988","ENSOART00000009806","ENSOARP00000009666"
"388",101107474,"ENSOARG00000009028","ENSOART00000009833","ENSOARP00000009693"
"389",NA,"ENSOARG00000009063","ENSOART00000009867","ENSOARP00000009725"
"390",NA,"ENSOARG00000009079","ENSOART00000009885","ENSOARP00000009743"
"391",NA,"ENSOARG00000009097","ENSOART00000009914","ENSOARP00000009772"
"392",101119957,"ENSOARG00000009107","ENSOART00000009915","ENSOARP00000009773"
"393",101108211,"ENSOARG00000009154","ENSOART00000009973","ENSOARP00000009831"
"394",101122151,"ENSOARG00000009169","ENSOART00000009978","ENSOARP00000009836"
"395",100125357,"ENSOARG00000009169","ENSOART00000009978","ENSOARP00000009836"
"396",101119968,"ENSOARG00000009170","ENSOART00000009979","ENSOARP00000009837"
"397",101119968,"ENSOARG00000009170","ENSOART00000009982","ENSOARP00000009840"
"398",NA,"ENSOARG00000009178","ENSOART00000009991","ENSOARP00000009849"
"399",NA,"ENSOARG00000009194","ENSOART00000010012","ENSOARP00000009870"
"400",NA,"ENSOARG00000009194","ENSOART00000010013","ENSOARP00000009871"
"401",101120386,"ENSOARG00000009225","ENSOART00000010043","ENSOARP00000009900"
"402",101114108,"ENSOARG00000009226","ENSOART00000010052","ENSOARP00000009909"
"403",101122371,"ENSOARG00000009230","ENSOART00000010048","ENSOARP00000009905"
"404",101110784,"ENSOARG00000009233","ENSOART00000010051","ENSOARP00000009908"
"405",101119572,"ENSOARG00000009241","ENSOART00000010059","ENSOARP00000009916"
"406",100462692,"ENSOARG00000009246","ENSOART00000010066","ENSOARP00000009923"
"407",101118806,"ENSOARG00000009276","ENSOART00000010097","ENSOARP00000009954"
"408",101107960,"ENSOARG00000009291","ENSOART00000010112","ENSOARP00000009968"
"409",101119148,"ENSOARG00000009325","ENSOART00000010158","ENSOARP00000010014"
"410",NA,"ENSOARG00000009333","ENSOART00000010156","ENSOARP00000010012"
"411",100137067,"ENSOARG00000009344","ENSOART00000010169","ENSOARP00000010025"
"412",101105922,"ENSOARG00000009347","ENSOART00000010174","ENSOARP00000010030"
"413",101112889,"ENSOARG00000009410","ENSOART00000010244","ENSOARP00000010097"
"414",NA,"ENSOARG00000009440","ENSOART00000010280","ENSOARP00000010133"
"415",NA,"ENSOARG00000009440","ENSOART00000010284","ENSOARP00000010137"
"416",NA,"ENSOARG00000009443","ENSOART00000010285","ENSOARP00000010138"
"417",NA,"ENSOARG00000009454","ENSOART00000010291","ENSOARP00000010143"
"418",NA,"ENSOARG00000009457","ENSOART00000010295","ENSOARP00000010147"
"419",101123350,"ENSOARG00000009463","ENSOART00000010311","ENSOARP00000010163"
"420",101123350,"ENSOARG00000009463","ENSOART00000010314","ENSOARP00000010166"
"421",101113859,"ENSOARG00000009469","ENSOART00000010313","ENSOARP00000010165"
"422",101113663,"ENSOARG00000009508","ENSOART00000010369","ENSOARP00000010219"
"423",101110976,"ENSOARG00000009518","ENSOART00000010364","ENSOARP00000010214"
"424",101118590,"ENSOARG00000009563","ENSOART00000010414","ENSOARP00000010262"
"425",101123062,"ENSOARG00000009566","ENSOART00000010416","ENSOARP00000010264"
"426",NA,"ENSOARG00000009600","ENSOART00000010450","ENSOARP00000010297"
"427",101114452,"ENSOARG00000009610","ENSOART00000010461","ENSOARP00000010308"
"428",101103861,"ENSOARG00000009670","ENSOART00000010530","ENSOARP00000010375"
"429",101119683,"ENSOARG00000009671","ENSOART00000010531","ENSOARP00000010376"
"430",100037695,"ENSOARG00000009722","ENSOART00000010584","ENSOARP00000010429"
"431",101123183,"ENSOARG00000009748","ENSOART00000010610","ENSOARP00000010455"
"432",101123183,"ENSOARG00000009748","ENSOART00000010616","ENSOARP00000010461"
"433",NA,"ENSOARG00000009750","ENSOART00000010611","ENSOARP00000010456"
"434",100169940,"ENSOARG00000009752","ENSOART00000010609","ENSOARP00000010454"
"435",NA,"ENSOARG00000009753","ENSOART00000010617","ENSOARP00000010462"
"436",NA,"ENSOARG00000009764","ENSOART00000010637","ENSOARP00000010482"
"437",101114621,"ENSOARG00000009798","ENSOART00000010660","ENSOARP00000010504"
"438",101110067,"ENSOARG00000009822","ENSOART00000010685","ENSOARP00000010529"
"439",NA,"ENSOARG00000009837","ENSOART00000010707","ENSOARP00000010551"
"440",443353,"ENSOARG00000009843","ENSOART00000010711","ENSOARP00000010555"
"441",101105948,"ENSOARG00000009845","ENSOART00000010721","ENSOARP00000010565"
"442",NA,"ENSOARG00000009884","ENSOART00000010757","ENSOARP00000010600"
"443",NA,"ENSOARG00000009901","ENSOART00000010774","ENSOARP00000010617"
"444",NA,"ENSOARG00000009903","ENSOART00000010776","ENSOARP00000010619"
"445",NA,"ENSOARG00000009948","ENSOART00000010829","ENSOARP00000010672"
"446",101112452,"ENSOARG00000009958","ENSOART00000010837","ENSOARP00000010680"
"447",NA,"ENSOARG00000009962","ENSOART00000010842","ENSOARP00000010685"
"448",101120587,"ENSOARG00000009971","ENSOART00000010851","ENSOARP00000010694"
"449",NA,"ENSOARG00000009995","ENSOART00000010876","ENSOARP00000010719"
"450",101120058,"ENSOARG00000010026","ENSOART00000010915","ENSOARP00000010757"
"451",NA,"ENSOARG00000010050","ENSOART00000010940","ENSOARP00000010782"
"452",101123022,"ENSOARG00000010088","ENSOART00000010984","ENSOARP00000010826"
"453",101111912,"ENSOARG00000010107","ENSOART00000010996","ENSOARP00000010838"
"454",NA,"ENSOARG00000010120","ENSOART00000011011","ENSOARP00000010853"
"455",NA,"ENSOARG00000010127","ENSOART00000011020","ENSOARP00000010862"
"456",101122473,"ENSOARG00000010155","ENSOART00000011050","ENSOARP00000010892"
"457",NA,"ENSOARG00000010208","ENSOART00000011108","ENSOARP00000010950"
"458",100127217,"ENSOARG00000010230","ENSOART00000011128","ENSOARP00000010970"
"459",NA,"ENSOARG00000010267","ENSOART00000011170","ENSOARP00000011010"
"460",NA,"ENSOARG00000010270","ENSOART00000011174","ENSOARP00000011014"
"461",443382,"ENSOARG00000010276","ENSOART00000011186","ENSOARP00000011026"
"462",101101969,"ENSOARG00000010319","ENSOART00000011227","ENSOARP00000011067"
"463",NA,"ENSOARG00000010332","ENSOART00000011242","ENSOARP00000011082"
"464",101117114,"ENSOARG00000010336","ENSOART00000011247","ENSOARP00000011087"
"465",101115946,"ENSOARG00000010382","ENSOART00000011295","ENSOARP00000011135"
"466",NA,"ENSOARG00000010384","ENSOART00000011297","ENSOARP00000011137"
"467",NA,"ENSOARG00000010384","ENSOART00000011298","ENSOARP00000011138"
"468",NA,"ENSOARG00000010434","ENSOART00000011351","ENSOARP00000011191"
"469",101108520,"ENSOARG00000010485","ENSOART00000011412","ENSOARP00000011252"
"470",101109009,"ENSOARG00000010496","ENSOART00000011428","ENSOARP00000011268"
"471",NA,"ENSOARG00000010509","ENSOART00000011434","ENSOARP00000011274"
"472",NA,"ENSOARG00000010543","ENSOART00000011497","ENSOARP00000011337"
"473",NA,"ENSOARG00000010561","ENSOART00000011490","ENSOARP00000011330"
"474",NA,"ENSOARG00000010597","ENSOART00000011527","ENSOARP00000011367"
"475",NA,"ENSOARG00000010597","ENSOART00000011528","ENSOARP00000011368"
"476",101108174,"ENSOARG00000010603","ENSOART00000011537","ENSOARP00000011377"
"477",101116079,"ENSOARG00000010607","ENSOART00000011540","ENSOARP00000011380"
"478",NA,"ENSOARG00000010622","ENSOART00000011557","ENSOARP00000011397"
"479",NA,"ENSOARG00000010633","ENSOART00000011570","ENSOARP00000011410"
"480",101104138,"ENSOARG00000010638","ENSOART00000011572","ENSOARP00000011412"
"481",101122223,"ENSOARG00000010649","ENSOART00000011593","ENSOARP00000011433"
"482",101122223,"ENSOARG00000010649","ENSOART00000011596","ENSOARP00000011436"
"483",101108435,"ENSOARG00000010670","ENSOART00000011608","ENSOARP00000011448"
"484",101115839,"ENSOARG00000010691","ENSOART00000011632","ENSOARP00000011471"
"485",100170317,"ENSOARG00000010704","ENSOART00000011642","ENSOARP00000011480"
"486",101111598,"ENSOARG00000010710","ENSOART00000011650","ENSOARP00000011488"
"487",443305,"ENSOARG00000010726","ENSOART00000011670","ENSOARP00000011508"
"488",101109055,"ENSOARG00000010744","ENSOART00000011691","ENSOARP00000011529"
"489",101108664,"ENSOARG00000010770","ENSOART00000011716","ENSOARP00000011553"
"490",NA,"ENSOARG00000010797","ENSOART00000011742","ENSOARP00000011576"
"491",NA,"ENSOARG00000010808","ENSOART00000011757","ENSOARP00000011591"
"492",101112277,"ENSOARG00000010816","ENSOART00000011762","ENSOARP00000011596"
"493",101109532,"ENSOARG00000010839","ENSOART00000011786","ENSOARP00000011620"
"494",101109532,"ENSOARG00000010839","ENSOART00000011788","ENSOARP00000011622"
"495",NA,"ENSOARG00000010842","ENSOART00000011787","ENSOARP00000011621"
"496",443117,"ENSOARG00000010854","ENSOART00000011803","ENSOARP00000011637"
"497",101110249,"ENSOARG00000010855","ENSOART00000011810","ENSOARP00000011644"
"498",101110257,"ENSOARG00000010864","ENSOART00000011820","ENSOARP00000011653"
"499",101109057,"ENSOARG00000010881","ENSOART00000011833","ENSOARP00000011665"
"500",101103540,"ENSOARG00000010884","ENSOART00000011838","ENSOARP00000011670"
"501",101112240,"ENSOARG00000010890","ENSOART00000011841","ENSOARP00000011673"
"502",101114573,"ENSOARG00000010934","ENSOART00000011895","ENSOARP00000011727"
"503",101110285,"ENSOARG00000010949","ENSOART00000011909","ENSOARP00000011740"
"504",101104043,"ENSOARG00000010952","ENSOART00000011914","ENSOARP00000011745"
"505",101102453,"ENSOARG00000010998","ENSOART00000011990","ENSOARP00000011818"
"506",NA,"ENSOARG00000011003","ENSOART00000011968","ENSOARP00000011796"
"507",NA,"ENSOARG00000011052","ENSOART00000012023","ENSOARP00000011849"
"508",101103009,"ENSOARG00000011072","ENSOART00000012041","ENSOARP00000011867"
"509",101119731,"ENSOARG00000011081","ENSOART00000012053","ENSOARP00000011879"
"510",101110554,"ENSOARG00000011110","ENSOART00000012081","ENSOARP00000011907"
"511",101103452,"ENSOARG00000011180","ENSOART00000012155","ENSOARP00000011981"
"512",101123570,"ENSOARG00000011221","ENSOART00000012199","ENSOARP00000012023"
"513",443001,"ENSOARG00000011225","ENSOART00000012205","ENSOARP00000012029"
"514",NA,"ENSOARG00000011235","ENSOART00000012225","ENSOARP00000012049"
"515",101121916,"ENSOARG00000011304","ENSOART00000012288","ENSOARP00000012112"
"516",101121916,"ENSOARG00000011304","ENSOART00000012290","ENSOARP00000012114"
"517",443105,"ENSOARG00000011328","ENSOART00000012319","ENSOARP00000012143"
"518",101115240,"ENSOARG00000011356","ENSOART00000012345","ENSOARP00000012169"
"519",NA,"ENSOARG00000011391","ENSOART00000012380","ENSOARP00000012204"
"520",105616893,"ENSOARG00000011400","ENSOART00000012393","ENSOARP00000012217"
"521",101112596,"ENSOARG00000011407","ENSOART00000012402","ENSOARP00000012226"
"522",NA,"ENSOARG00000011416","ENSOART00000012407","ENSOARP00000012231"
"523",NA,"ENSOARG00000011416","ENSOART00000012420","ENSOARP00000012244"
"524",NA,"ENSOARG00000011433","ENSOART00000012431","ENSOARP00000012255"
"525",NA,"ENSOARG00000011449","ENSOART00000012452","ENSOARP00000012276"
"526",101122701,"ENSOARG00000011501","ENSOART00000012510","ENSOARP00000012331"
"527",101122701,"ENSOARG00000011501","ENSOART00000012514","ENSOARP00000012335"
"528",NA,"ENSOARG00000011522","ENSOART00000012523","ENSOARP00000012344"
"529",NA,"ENSOARG00000011530","ENSOART00000012542","ENSOARP00000012363"
"530",NA,"ENSOARG00000011549","ENSOART00000012558","ENSOARP00000012379"
"531",101103739,"ENSOARG00000011575","ENSOART00000012585","ENSOARP00000012406"
"532",101110922,"ENSOARG00000011582","ENSOART00000012596","ENSOARP00000012417"
"533",NA,"ENSOARG00000011615","ENSOART00000012629","ENSOARP00000012449"
"534",NA,"ENSOARG00000011622","ENSOART00000012640","ENSOARP00000012459"
"535",101113028,"ENSOARG00000011624","ENSOART00000012641","ENSOARP00000012460"
"536",101113028,"ENSOARG00000011624","ENSOART00000012642","ENSOARP00000012461"
"537",101102214,"ENSOARG00000011649","ENSOART00000012667","ENSOARP00000012484"
"538",101102214,"ENSOARG00000011649","ENSOART00000012668","ENSOARP00000012485"
"539",101117542,"ENSOARG00000011675","ENSOART00000012696","ENSOARP00000012512"
"540",101108723,"ENSOARG00000011685","ENSOART00000012715","ENSOARP00000012530"
"541",100381247,"ENSOARG00000011708","ENSOART00000012732","ENSOARP00000012547"
"542",101106122,"ENSOARG00000011716","ENSOART00000012746","ENSOARP00000012561"
"543",101106345,"ENSOARG00000011725","ENSOART00000012752","ENSOARP00000012567"
"544",NA,"ENSOARG00000011764","ENSOART00000012809","ENSOARP00000012623"
"545",101108990,"ENSOARG00000011780","ENSOART00000012811","ENSOARP00000012625"
"546",101110694,"ENSOARG00000011782","ENSOART00000012812","ENSOARP00000012626"
"547",101112748,"ENSOARG00000011789","ENSOART00000012821","ENSOARP00000012635"
"548",101121475,"ENSOARG00000011792","ENSOART00000012829","ENSOARP00000012643"
"549",101106429,"ENSOARG00000011794","ENSOART00000012826","ENSOARP00000012640"
"550",101112848,"ENSOARG00000011798","ENSOART00000012835","ENSOARP00000012649"
"551",101112848,"ENSOARG00000011798","ENSOART00000012839","ENSOARP00000012653"
"552",NA,"ENSOARG00000011809","ENSOART00000012847","ENSOARP00000012661"
"553",101121046,"ENSOARG00000011817","ENSOART00000012862","ENSOARP00000012676"
"554",101103306,"ENSOARG00000011825","ENSOART00000012870","ENSOARP00000012684"
"555",101108303,"ENSOARG00000011836","ENSOART00000012876","ENSOARP00000012690"
"556",NA,"ENSOARG00000011840","ENSOART00000012879","ENSOARP00000012693"
"557",780511,"ENSOARG00000011846","ENSOART00000012886","ENSOARP00000012700"
"558",101106456,"ENSOARG00000011852","ENSOART00000012895","ENSOARP00000012709"
"559",101109248,"ENSOARG00000011885","ENSOART00000012929","ENSOARP00000012742"
"560",NA,"ENSOARG00000011915","ENSOART00000012962","ENSOARP00000012775"
"561",101118415,"ENSOARG00000011920","ENSOART00000012965","ENSOARP00000012778"
"562",101111709,"ENSOARG00000011920","ENSOART00000012965","ENSOARP00000012778"
"563",101115814,"ENSOARG00000011939","ENSOART00000012988","ENSOARP00000012801"
"564",101111152,"ENSOARG00000011945","ENSOART00000012990","ENSOARP00000012803"
"565",101110992,"ENSOARG00000011991","ENSOART00000013042","ENSOARP00000012855"
"566",101119580,"ENSOARG00000012013","ENSOART00000013065","ENSOARP00000012877"
"567",101122117,"ENSOARG00000012018","ENSOART00000013073","ENSOARP00000012885"
"568",443406,"ENSOARG00000012021","ENSOART00000013079","ENSOARP00000012891"
"569",NA,"ENSOARG00000012024","ENSOART00000013078","ENSOARP00000012890"
"570",NA,"ENSOARG00000012029","ENSOART00000013084","ENSOARP00000012896"
"571",NA,"ENSOARG00000012034","ENSOART00000013086","ENSOARP00000012898"
"572",101105864,"ENSOARG00000012043","ENSOART00000013102","ENSOARP00000012914"
"573",101111245,"ENSOARG00000012056","ENSOART00000013110","ENSOARP00000012922"
"574",101105508,"ENSOARG00000012056","ENSOART00000013110","ENSOARP00000012922"
"575",101112217,"ENSOARG00000012070","ENSOART00000013144","ENSOARP00000012955"
"576",NA,"ENSOARG00000012074","ENSOART00000013134","ENSOARP00000012945"
"577",NA,"ENSOARG00000012080","ENSOART00000013138","ENSOARP00000012949"
"578",101106018,"ENSOARG00000012094","ENSOART00000013155","ENSOARP00000012966"
"579",NA,"ENSOARG00000012105","ENSOART00000013162","ENSOARP00000012973"
"580",100302705,"ENSOARG00000012130","ENSOART00000013198","ENSOARP00000013009"
"581",NA,"ENSOARG00000012134","ENSOART00000013204","ENSOARP00000013015"
"582",101115082,"ENSOARG00000012149","ENSOART00000013214","ENSOARP00000013025"
"583",101119210,"ENSOARG00000012165","ENSOART00000013232","ENSOARP00000013043"
"584",101106195,"ENSOARG00000012206","ENSOART00000013278","ENSOARP00000013087"
"585",101103124,"ENSOARG00000012224","ENSOART00000013300","ENSOARP00000013109"
"586",101121761,"ENSOARG00000012264","ENSOART00000013337","ENSOARP00000013144"
"587",101112679,"ENSOARG00000012362","ENSOART00000013443","ENSOARP00000013249"
"588",101118766,"ENSOARG00000012368","ENSOART00000013446","ENSOARP00000013252"
"589",101121067,"ENSOARG00000012406","ENSOART00000013488","ENSOARP00000013293"
"590",101121067,"ENSOARG00000012406","ENSOART00000013490","ENSOARP00000013295"
"591",101103175,"ENSOARG00000012437","ENSOART00000013525","ENSOARP00000013329"
"592",101103622,"ENSOARG00000012439","ENSOART00000013541","ENSOARP00000013345"
"593",101122426,"ENSOARG00000012449","ENSOART00000013542","ENSOARP00000013346"
"594",101117072,"ENSOARG00000012501","ENSOART00000013592","ENSOARP00000013395"
"595",101114337,"ENSOARG00000012634","ENSOART00000013749","ENSOARP00000013549"
"596",100169935,"ENSOARG00000012659","ENSOART00000013762","ENSOARP00000013562"
"597",101109885,"ENSOARG00000012668","ENSOART00000013774","ENSOARP00000013573"
"598",101112377,"ENSOARG00000012695","ENSOART00000013803","ENSOARP00000013601"
"599",443343,"ENSOARG00000012705","ENSOART00000013815","ENSOARP00000013613"
"600",101115069,"ENSOARG00000012717","ENSOART00000013828","ENSOARP00000013626"
"601",NA,"ENSOARG00000012848","ENSOART00000013962","ENSOARP00000013757"
"602",101122741,"ENSOARG00000012852","ENSOART00000013967","ENSOARP00000013762"
"603",NA,"ENSOARG00000012893","ENSOART00000014014","ENSOARP00000013809"
"604",101103355,"ENSOARG00000012936","ENSOART00000014062","ENSOARP00000013857"
"605",101103355,"ENSOARG00000012936","ENSOART00000014063","ENSOARP00000013858"
"606",NA,"ENSOARG00000012954","ENSOART00000014084","ENSOARP00000013878"
"607",554335,"ENSOARG00000012958","ENSOART00000014094","ENSOARP00000013888"
"608",101102178,"ENSOARG00000012972","ENSOART00000014112","ENSOARP00000013906"
"609",100147794,"ENSOARG00000012998","ENSOART00000014130","ENSOARP00000013924"
"610",NA,"ENSOARG00000013019","ENSOART00000014149","ENSOARP00000013943"
"611",443506,"ENSOARG00000013044","ENSOART00000014185","ENSOARP00000013978"
"612",101106677,"ENSOARG00000013047","ENSOART00000014183","ENSOARP00000013976"
"613",101116399,"ENSOARG00000013063","ENSOART00000014198","ENSOARP00000013991"
"614",101107667,"ENSOARG00000013075","ENSOART00000014215","ENSOARP00000014008"
"615",101107667,"ENSOARG00000013075","ENSOART00000014216","ENSOARP00000014009"
"616",NA,"ENSOARG00000013100","ENSOART00000014237","ENSOARP00000014030"
"617",101114025,"ENSOARG00000013104","ENSOART00000014246","ENSOARP00000014039"
"618",NA,"ENSOARG00000013183","ENSOART00000014335","ENSOARP00000014128"
"619",NA,"ENSOARG00000013206","ENSOART00000014356","ENSOARP00000014149"
"620",101109511,"ENSOARG00000013211","ENSOART00000014364","ENSOARP00000014157"
"621",101107545,"ENSOARG00000013273","ENSOART00000014431","ENSOARP00000014224"
"622",101101935,"ENSOARG00000013326","ENSOART00000014493","ENSOARP00000014285"
"623",101123583,"ENSOARG00000013358","ENSOART00000014529","ENSOARP00000014320"
"624",101106360,"ENSOARG00000013370","ENSOART00000014540","ENSOARP00000014331"
"625",101107467,"ENSOARG00000013375","ENSOART00000014548","ENSOARP00000014339"
"626",101113171,"ENSOARG00000013410","ENSOART00000014590","ENSOARP00000014379"
"627",101116584,"ENSOARG00000013430","ENSOART00000014609","ENSOARP00000014398"
"628",101113201,"ENSOARG00000013449","ENSOART00000014629","ENSOARP00000014417"
"629",101114587,"ENSOARG00000013500","ENSOART00000014680","ENSOARP00000014467"
"630",NA,"ENSOARG00000013521","ENSOART00000014721","ENSOARP00000014508"
"631",NA,"ENSOARG00000013529","ENSOART00000014715","ENSOARP00000014502"
"632",NA,"ENSOARG00000013529","ENSOART00000014717","ENSOARP00000014504"
"633",NA,"ENSOARG00000013538","ENSOART00000014725","ENSOARP00000014512"
"634",NA,"ENSOARG00000013538","ENSOART00000014727","ENSOARP00000014514"
"635",NA,"ENSOARG00000013545","ENSOART00000014734","ENSOARP00000014521"
"636",NA,"ENSOARG00000013575","ENSOART00000014769","ENSOARP00000014555"
"637",NA,"ENSOARG00000013580","ENSOART00000014773","ENSOARP00000014559"
"638",101104352,"ENSOARG00000013608","ENSOART00000014803","ENSOARP00000014589"
"639",NA,"ENSOARG00000013617","ENSOART00000014844","ENSOARP00000014629"
"640",101116705,"ENSOARG00000013628","ENSOART00000014829","ENSOARP00000014614"
"641",443361,"ENSOARG00000013669","ENSOART00000014873","ENSOARP00000014658"
"642",101109178,"ENSOARG00000013694","ENSOART00000014902","ENSOARP00000014685"
"643",101105675,"ENSOARG00000013714","ENSOART00000014923","ENSOARP00000014705"
"644",101107601,"ENSOARG00000013716","ENSOART00000014925","ENSOARP00000014707"
"645",NA,"ENSOARG00000013724","ENSOART00000014932","ENSOARP00000014714"
"646",101108264,"ENSOARG00000013727","ENSOART00000014947","ENSOARP00000014729"
"647",NA,"ENSOARG00000013790","ENSOART00000015014","ENSOARP00000014794"
"648",101122517,"ENSOARG00000013832","ENSOART00000015049","ENSOARP00000014829"
"649",NA,"ENSOARG00000013859","ENSOART00000015087","ENSOARP00000014867"
"650",101122294,"ENSOARG00000013891","ENSOART00000015123","ENSOARP00000014903"
"651",101122294,"ENSOARG00000013891","ENSOART00000015124","ENSOARP00000014904"
"652",NA,"ENSOARG00000013905","ENSOART00000015139","ENSOARP00000014919"
"653",101110537,"ENSOARG00000013936","ENSOART00000015182","ENSOARP00000014962"
"654",101121659,"ENSOARG00000013963","ENSOART00000015210","ENSOARP00000014990"
"655",NA,"ENSOARG00000014011","ENSOART00000015258","ENSOARP00000015038"
"656",NA,"ENSOARG00000014019","ENSOART00000015263","ENSOARP00000015043"
"657",NA,"ENSOARG00000014051","ENSOART00000015296","ENSOARP00000015076"
"658",443498,"ENSOARG00000014073","ENSOART00000015324","ENSOARP00000015104"
"659",443551,"ENSOARG00000014116","ENSOART00000015373","ENSOARP00000015152"
"660",101122471,"ENSOARG00000014123","ENSOART00000015374","ENSOARP00000015153"
"661",101117715,"ENSOARG00000014124","ENSOART00000015379","ENSOARP00000015158"
"662",NA,"ENSOARG00000014170","ENSOART00000015433","ENSOARP00000015212"
"663",NA,"ENSOARG00000014197","ENSOART00000015463","ENSOARP00000015242"
"664",100125354,"ENSOARG00000014199","ENSOART00000015469","ENSOARP00000015248"
"665",NA,"ENSOARG00000014207","ENSOART00000015477","ENSOARP00000015256"
"666",101102001,"ENSOARG00000014212","ENSOART00000015481","ENSOARP00000015260"
"667",101116299,"ENSOARG00000014226","ENSOART00000015492","ENSOARP00000015270"
"668",100192425,"ENSOARG00000014232","ENSOART00000015502","ENSOARP00000015280"
"669",100820755,"ENSOARG00000014253","ENSOART00000015529","ENSOARP00000015306"
"670",NA,"ENSOARG00000014283","ENSOART00000015556","ENSOARP00000015332"
"671",100037673,"ENSOARG00000014336","ENSOART00000015610","ENSOARP00000015385"
"672",101123504,"ENSOARG00000014470","ENSOART00000015758","ENSOARP00000015531"
"673",NA,"ENSOARG00000014488","ENSOART00000015776","ENSOARP00000015548"
"674",NA,"ENSOARG00000014509","ENSOART00000015819","ENSOARP00000015588"
"675",101119280,"ENSOARG00000014514","ENSOART00000015834","ENSOARP00000015603"
"676",101106335,"ENSOARG00000014564","ENSOART00000015855","ENSOARP00000015624"
"677",497272,"ENSOARG00000014586","ENSOART00000015883","ENSOARP00000015652"
"678",101119806,"ENSOARG00000014616","ENSOART00000015906","ENSOARP00000015675"
"679",101115266,"ENSOARG00000014661","ENSOART00000015961","ENSOARP00000015729"
"680",101120314,"ENSOARG00000014686","ENSOART00000015986","ENSOARP00000015754"
"681",101122347,"ENSOARG00000014701","ENSOART00000016001","ENSOARP00000015769"
"682",101107709,"ENSOARG00000014710","ENSOART00000016010","ENSOARP00000015778"
"683",101116590,"ENSOARG00000014717","ENSOART00000016016","ENSOARP00000015784"
"684",101111424,"ENSOARG00000014718","ENSOART00000016038","ENSOARP00000015805"
"685",101102500,"ENSOARG00000014729","ENSOART00000016031","ENSOARP00000015798"
"686",101107257,"ENSOARG00000014731","ENSOART00000016036","ENSOARP00000015803"
"687",101118205,"ENSOARG00000014745","ENSOART00000016060","ENSOARP00000015827"
"688",101120222,"ENSOARG00000014751","ENSOART00000016058","ENSOARP00000015825"
"689",101104401,"ENSOARG00000014766","ENSOART00000016069","ENSOARP00000015836"
"690",100303608,"ENSOARG00000014779","ENSOART00000016086","ENSOARP00000015853"
"691",100303608,"ENSOARG00000014779","ENSOART00000016087","ENSOARP00000015854"
"692",101119649,"ENSOARG00000014801","ENSOART00000016109","ENSOARP00000015876"
"693",101106091,"ENSOARG00000014816","ENSOART00000016124","ENSOARP00000015891"
"694",101119960,"ENSOARG00000014836","ENSOART00000016157","ENSOARP00000015924"
"695",NA,"ENSOARG00000014841","ENSOART00000016151","ENSOARP00000015918"
"696",101105289,"ENSOARG00000014849","ENSOART00000016160","ENSOARP00000015927"
"697",NA,"ENSOARG00000014856","ENSOART00000016165","ENSOARP00000015932"
"698",101111541,"ENSOARG00000014885","ENSOART00000016201","ENSOARP00000015968"
"699",100415773,"ENSOARG00000014898","ENSOART00000016215","ENSOARP00000015982"
"700",NA,"ENSOARG00000014986","ENSOART00000016305","ENSOARP00000016071"
"701",NA,"ENSOARG00000015034","ENSOART00000016363","ENSOARP00000016129"
"702",554262,"ENSOARG00000015044","ENSOART00000016373","ENSOARP00000016139"
"703",101117944,"ENSOARG00000015076","ENSOART00000016419","ENSOARP00000016185"
"704",101117944,"ENSOARG00000015076","ENSOART00000016422","ENSOARP00000016188"
"705",101117275,"ENSOARG00000015118","ENSOART00000016454","ENSOARP00000016220"
"706",101120284,"ENSOARG00000015132","ENSOART00000016469","ENSOARP00000016235"
"707",NA,"ENSOARG00000015144","ENSOART00000016482","ENSOARP00000016248"
"708",101108683,"ENSOARG00000015152","ENSOART00000016495","ENSOARP00000016261"
"709",101108683,"ENSOARG00000015152","ENSOART00000016498","ENSOARP00000016264"
"710",NA,"ENSOARG00000015167","ENSOART00000016506","ENSOARP00000016272"
"711",101118164,"ENSOARG00000015190","ENSOART00000016532","ENSOARP00000016298"
"712",497274,"ENSOARG00000015194","ENSOART00000016534","ENSOARP00000016300"
"713",101118667,"ENSOARG00000015237","ENSOART00000016582","ENSOARP00000016347"
"714",100381267,"ENSOARG00000015262","ENSOART00000016611","ENSOARP00000016376"
"715",101115652,"ENSOARG00000015267","ENSOART00000016617","ENSOARP00000016382"
"716",101120367,"ENSOARG00000015297","ENSOART00000016648","ENSOARP00000016413"
"717",NA,"ENSOARG00000015346","ENSOART00000016701","ENSOARP00000016466"
"718",NA,"ENSOARG00000015346","ENSOART00000016705","ENSOARP00000016470"
"719",101120617,"ENSOARG00000015386","ENSOART00000016739","ENSOARP00000016504"
"720",101120617,"ENSOARG00000015386","ENSOART00000016740","ENSOARP00000016505"
"721",101108471,"ENSOARG00000015403","ENSOART00000016759","ENSOARP00000016523"
"722",101108733,"ENSOARG00000015421","ENSOART00000016779","ENSOARP00000016543"
"723",101121574,"ENSOARG00000015422","ENSOART00000016778","ENSOARP00000016542"
"724",NA,"ENSOARG00000015424","ENSOART00000016781","ENSOARP00000016545"
"725",101120875,"ENSOARG00000015432","ENSOART00000016792","ENSOARP00000016556"
"726",101107823,"ENSOARG00000015447","ENSOART00000016811","ENSOARP00000016574"
"727",101122002,"ENSOARG00000015462","ENSOART00000016822","ENSOARP00000016585"
"728",101120020,"ENSOARG00000015465","ENSOART00000016829","ENSOARP00000016592"
"729",101109084,"ENSOARG00000015467","ENSOART00000016827","ENSOARP00000016590"
"730",101111428,"ENSOARG00000015469","ENSOART00000016840","ENSOARP00000016603"
"731",101118984,"ENSOARG00000015522","ENSOART00000016885","ENSOARP00000016648"
"732",NA,"ENSOARG00000015547","ENSOART00000016918","ENSOARP00000016680"
"733",101122667,"ENSOARG00000015557","ENSOART00000016924","ENSOARP00000016686"
"734",101121640,"ENSOARG00000015578","ENSOART00000016949","ENSOARP00000016711"
"735",NA,"ENSOARG00000015579","ENSOART00000016950","ENSOARP00000016712"
"736",101110315,"ENSOARG00000015628","ENSOART00000017004","ENSOARP00000016766"
"737",101110315,"ENSOARG00000015628","ENSOART00000017005","ENSOARP00000016767"
"738",NA,"ENSOARG00000015650","ENSOART00000017028","ENSOARP00000016790"
"739",101109206,"ENSOARG00000015673","ENSOART00000017059","ENSOARP00000016821"
"740",101109206,"ENSOARG00000015673","ENSOART00000017062","ENSOARP00000016824"
"741",101113440,"ENSOARG00000015700","ENSOART00000017090","ENSOARP00000016851"
"742",101115830,"ENSOARG00000015720","ENSOART00000017117","ENSOARP00000016878"
"743",101115830,"ENSOARG00000015720","ENSOART00000017120","ENSOARP00000016881"
"744",101121813,"ENSOARG00000015752","ENSOART00000017148","ENSOARP00000016909"
"745",NA,"ENSOARG00000015830","ENSOART00000017237","ENSOARP00000016996"
"746",NA,"ENSOARG00000015853","ENSOART00000017262","ENSOARP00000017021"
"747",NA,"ENSOARG00000015857","ENSOART00000017267","ENSOARP00000017026"
"748",NA,"ENSOARG00000015874","ENSOART00000017287","ENSOARP00000017046"
"749",NA,"ENSOARG00000015892","ENSOART00000017301","ENSOARP00000017060"
"750",NA,"ENSOARG00000015895","ENSOART00000017310","ENSOARP00000017069"
"751",100820746,"ENSOARG00000015908","ENSOART00000017322","ENSOARP00000017081"
"752",NA,"ENSOARG00000015928","ENSOART00000017343","ENSOARP00000017102"
"753",NA,"ENSOARG00000015937","ENSOART00000017353","ENSOARP00000017112"
"754",NA,"ENSOARG00000015973","ENSOART00000017396","ENSOARP00000017155"
"755",NA,"ENSOARG00000015973","ENSOART00000017398","ENSOARP00000017157"
"756",101116878,"ENSOARG00000016027","ENSOART00000017464","ENSOARP00000017222"
"757",101116878,"ENSOARG00000016027","ENSOART00000017466","ENSOARP00000017224"
"758",NA,"ENSOARG00000016050","ENSOART00000017480","ENSOARP00000017238"
"759",NA,"ENSOARG00000016092","ENSOART00000017527","ENSOARP00000017282"
"760",101120364,"ENSOARG00000016098","ENSOART00000017532","ENSOARP00000017287"
"761",101105161,"ENSOARG00000016178","ENSOART00000017615","ENSOARP00000017369"
"762",443140,"ENSOARG00000016181","ENSOART00000017623","ENSOARP00000017376"
"763",101109567,"ENSOARG00000016212","ENSOART00000017653","ENSOARP00000017406"
"764",101112571,"ENSOARG00000016215","ENSOART00000017664","ENSOARP00000017417"
"765",101123513,"ENSOARG00000016225","ENSOART00000017669","ENSOARP00000017422"
"766",101108969,"ENSOARG00000016243","ENSOART00000017687","ENSOARP00000017440"
"767",NA,"ENSOARG00000016305","ENSOART00000017799","ENSOARP00000017551"
"768",101120347,"ENSOARG00000016322","ENSOART00000017774","ENSOARP00000017526"
"769",101122496,"ENSOARG00000016359","ENSOART00000017816","ENSOARP00000017568"
"770",101122496,"ENSOARG00000016359","ENSOART00000017819","ENSOARP00000017571"
"771",101108229,"ENSOARG00000016372","ENSOART00000017827","ENSOARP00000017579"
"772",101113564,"ENSOARG00000016379","ENSOART00000017836","ENSOARP00000017588"
"773",101113564,"ENSOARG00000016379","ENSOART00000017837","ENSOARP00000017589"
"774",NA,"ENSOARG00000016391","ENSOART00000017849","ENSOARP00000017600"
"775",443545,"ENSOARG00000016412","ENSOART00000017871","ENSOARP00000017621"
"776",101107476,"ENSOARG00000016427","ENSOART00000017888","ENSOARP00000017638"
"777",101107476,"ENSOARG00000016427","ENSOART00000017889","ENSOARP00000017639"
"778",NA,"ENSOARG00000016481","ENSOART00000017946","ENSOARP00000017696"
"779",101120391,"ENSOARG00000016534","ENSOART00000018004","ENSOARP00000017753"
"780",101120391,"ENSOARG00000016534","ENSOART00000018005","ENSOARP00000017754"
"781",101115511,"ENSOARG00000016547","ENSOART00000018025","ENSOARP00000017774"
"782",101122943,"ENSOARG00000016603","ENSOART00000018086","ENSOARP00000017835"
"783",101105612,"ENSOARG00000016606","ENSOART00000018089","ENSOARP00000017838"
"784",NA,"ENSOARG00000016626","ENSOART00000018108","ENSOARP00000017857"
"785",100526817,"ENSOARG00000016717","ENSOART00000018205","ENSOARP00000017954"
"786",NA,"ENSOARG00000016726","ENSOART00000018215","ENSOARP00000017964"
"787",101110495,"ENSOARG00000016786","ENSOART00000018281","ENSOARP00000018029"
"788",101118706,"ENSOARG00000016793","ENSOART00000018287","ENSOARP00000018035"
"789",101102235,"ENSOARG00000016825","ENSOART00000018328","ENSOARP00000018073"
"790",101111878,"ENSOARG00000016828","ENSOART00000018326","ENSOARP00000018072"
"791",101120052,"ENSOARG00000016834","ENSOART00000018335","ENSOARP00000018080"
"792",101120052,"ENSOARG00000016834","ENSOART00000018336","ENSOARP00000018081"
"793",101122523,"ENSOARG00000016842","ENSOART00000018347","ENSOARP00000018091"
"794",101110415,"ENSOARG00000016846","ENSOART00000018351","ENSOARP00000018095"
"795",101118888,"ENSOARG00000016859","ENSOART00000018366","ENSOARP00000018110"
"796",101110677,"ENSOARG00000016918","ENSOART00000018427","ENSOARP00000018170"
"797",NA,"ENSOARG00000016949","ENSOART00000018464","ENSOARP00000018206"
"798",101102837,"ENSOARG00000016952","ENSOART00000018461","ENSOARP00000018203"
"799",101107169,"ENSOARG00000016979","ENSOART00000018496","ENSOARP00000018235"
"800",101119648,"ENSOARG00000017011","ENSOART00000018521","ENSOARP00000018260"
"801",NA,"ENSOARG00000017040","ENSOART00000018552","ENSOARP00000018291"
"802",101114861,"ENSOARG00000017069","ENSOART00000018583","ENSOARP00000018322"
"803",101105779,"ENSOARG00000017097","ENSOART00000018610","ENSOARP00000018348"
"804",101115115,"ENSOARG00000017123","ENSOART00000018636","ENSOARP00000018374"
"805",101112469,"ENSOARG00000017163","ENSOART00000018681","ENSOARP00000018419"
"806",NA,"ENSOARG00000017180","ENSOART00000018696","ENSOARP00000018434"
"807",101109802,"ENSOARG00000017181","ENSOART00000018701","ENSOARP00000018439"
"808",101109802,"ENSOARG00000017181","ENSOART00000018702","ENSOARP00000018440"
"809",101112716,"ENSOARG00000017187","ENSOART00000018705","ENSOARP00000018443"
"810",101107830,"ENSOARG00000017193","ENSOART00000018715","ENSOARP00000018453"
"811",101108809,"ENSOARG00000017203","ENSOART00000018719","ENSOARP00000018457"
"812",101108809,"ENSOARG00000017203","ENSOART00000018721","ENSOARP00000018459"
"813",NA,"ENSOARG00000017214","ENSOART00000018730","ENSOARP00000018468"
"814",101108025,"ENSOARG00000017220","ENSOART00000018741","ENSOARP00000018479"
"815",NA,"ENSOARG00000017237","ENSOART00000018764","ENSOARP00000018502"
"816",NA,"ENSOARG00000017242","ENSOART00000018767","ENSOARP00000018505"
"817",NA,"ENSOARG00000017251","ENSOART00000018779","ENSOARP00000018517"
"818",NA,"ENSOARG00000017264","ENSOART00000018791","ENSOARP00000018529"
"819",NA,"ENSOARG00000017385","ENSOART00000018925","ENSOARP00000018662"
"820",NA,"ENSOARG00000017488","ENSOART00000019035","ENSOARP00000018769"
"821",101115211,"ENSOARG00000017490","ENSOART00000019046","ENSOARP00000018780"
"822",101106774,"ENSOARG00000017493","ENSOART00000019041","ENSOARP00000018775"
"823",105604792,"ENSOARG00000017532","ENSOART00000019084","ENSOARP00000018818"
"824",105603758,"ENSOARG00000017546","ENSOART00000019096","ENSOARP00000018830"
"825",101118410,"ENSOARG00000017631","ENSOART00000019188","ENSOARP00000018920"
"826",NA,"ENSOARG00000017658","ENSOART00000019214","ENSOARP00000018946"
"827",101105733,"ENSOARG00000017689","ENSOART00000019250","ENSOARP00000018982"
"828",101111324,"ENSOARG00000017704","ENSOART00000019274","ENSOARP00000019006"
"829",101110122,"ENSOARG00000017739","ENSOART00000019304","ENSOARP00000019036"
"830",101107855,"ENSOARG00000017740","ENSOART00000019302","ENSOARP00000019034"
"831",101118025,"ENSOARG00000017758","ENSOART00000019323","ENSOARP00000019055"
"832",101106812,"ENSOARG00000017765","ENSOART00000019329","ENSOARP00000019061"
"833",NA,"ENSOARG00000017791","ENSOART00000019364","ENSOARP00000019096"
"834",NA,"ENSOARG00000017803","ENSOART00000019369","ENSOARP00000019101"
"835",443189,"ENSOARG00000017805","ENSOART00000019371","ENSOARP00000019103"
"836",101107057,"ENSOARG00000017823","ENSOART00000019394","ENSOARP00000019126"
"837",101107564,"ENSOARG00000017875","ENSOART00000019447","ENSOARP00000019179"
"838",NA,"ENSOARG00000017882","ENSOART00000019454","ENSOARP00000019186"
"839",101101902,"ENSOARG00000017892","ENSOART00000019466","ENSOARP00000019198"
"840",101104358,"ENSOARG00000017919","ENSOART00000019500","ENSOARP00000019232"
"841",NA,"ENSOARG00000017948","ENSOART00000019544","ENSOARP00000019276"
"842",101111781,"ENSOARG00000017954","ENSOART00000019540","ENSOARP00000019272"
"843",101111781,"ENSOARG00000017954","ENSOART00000019541","ENSOARP00000019273"
"844",NA,"ENSOARG00000017964","ENSOART00000019551","ENSOARP00000019283"
"845",NA,"ENSOARG00000017975","ENSOART00000019564","ENSOARP00000019296"
"846",101109231,"ENSOARG00000017996","ENSOART00000019586","ENSOARP00000019316"
"847",101103346,"ENSOARG00000018022","ENSOART00000019616","ENSOARP00000019346"
"848",101115592,"ENSOARG00000018036","ENSOART00000019630","ENSOARP00000019360"
"849",101120562,"ENSOARG00000018049","ENSOART00000019646","ENSOARP00000019376"
"850",101120562,"ENSOARG00000018049","ENSOART00000019647","ENSOARP00000019377"
"851",101106841,"ENSOARG00000018055","ENSOART00000019653","ENSOARP00000019383"
"852",101102475,"ENSOARG00000018070","ENSOART00000019664","ENSOARP00000019394"
"853",101115816,"ENSOARG00000018091","ENSOART00000019693","ENSOARP00000019423"
"854",101103594,"ENSOARG00000018146","ENSOART00000019748","ENSOARP00000019477"
"855",101117497,"ENSOARG00000018162","ENSOART00000019772","ENSOARP00000019500"
"856",NA,"ENSOARG00000018177","ENSOART00000019780","ENSOARP00000019508"
"857",101123635,"ENSOARG00000018185","ENSOART00000019790","ENSOARP00000019518"
"858",101113069,"ENSOARG00000018205","ENSOART00000019812","ENSOARP00000019539"
"859",101119068,"ENSOARG00000018245","ENSOART00000019854","ENSOARP00000019581"
"860",101103068,"ENSOARG00000018258","ENSOART00000019865","ENSOARP00000019592"
"861",101116756,"ENSOARG00000018268","ENSOART00000019877","ENSOARP00000019604"
"862",443480,"ENSOARG00000018277","ENSOART00000019887","ENSOARP00000019614"
"863",443480,"ENSOARG00000018277","ENSOART00000019888","ENSOARP00000019615"
"864",101104490,"ENSOARG00000018280","ENSOART00000019893","ENSOARP00000019620"
"865",101109327,"ENSOARG00000018281","ENSOART00000019896","ENSOARP00000019623"
"866",101109327,"ENSOARG00000018281","ENSOART00000019898","ENSOARP00000019625"
"867",443040,"ENSOARG00000018321","ENSOART00000019938","ENSOARP00000019665"
"868",443168,"ENSOARG00000018362","ENSOART00000019982","ENSOARP00000019709"
"869",101119302,"ENSOARG00000018366","ENSOART00000019989","ENSOARP00000019716"
"870",101121528,"ENSOARG00000018383","ENSOART00000020009","ENSOARP00000019736"
"871",101103230,"ENSOARG00000018389","ENSOART00000020017","ENSOARP00000019744"
"872",101115654,"ENSOARG00000018396","ENSOART00000020025","ENSOARP00000019752"
"873",101115654,"ENSOARG00000018396","ENSOART00000020026","ENSOARP00000019753"
"874",NA,"ENSOARG00000018427","ENSOART00000020059","ENSOARP00000019786"
"875",101117139,"ENSOARG00000018438","ENSOART00000020067","ENSOARP00000019794"
"876",101117139,"ENSOARG00000018438","ENSOART00000020068","ENSOARP00000019795"
"877",101108384,"ENSOARG00000018452","ENSOART00000020083","ENSOARP00000019810"
"878",101105162,"ENSOARG00000018483","ENSOART00000020132","ENSOARP00000019857"
"879",101105162,"ENSOARG00000018483","ENSOART00000020138","ENSOARP00000019863"
"880",101119979,"ENSOARG00000018504","ENSOART00000020141","ENSOARP00000019866"
"881",NA,"ENSOARG00000018549","ENSOART00000020187","ENSOARP00000019912"
"882",NA,"ENSOARG00000018568","ENSOART00000020209","ENSOARP00000019934"
"883",NA,"ENSOARG00000018592","ENSOART00000020234","ENSOARP00000019959"
"884",101112690,"ENSOARG00000018612","ENSOART00000020256","ENSOARP00000019980"
"885",NA,"ENSOARG00000018628","ENSOART00000020274","ENSOARP00000019997"
"886",101121697,"ENSOARG00000018635","ENSOART00000020285","ENSOARP00000020008"
"887",101121697,"ENSOARG00000018635","ENSOART00000020286","ENSOARP00000020009"
"888",NA,"ENSOARG00000018641","ENSOART00000020290","ENSOARP00000020013"
"889",NA,"ENSOARG00000018681","ENSOART00000020333","ENSOARP00000020055"
"890",NA,"ENSOARG00000018795","ENSOART00000020468","ENSOARP00000020188"
"891",NA,"ENSOARG00000018795","ENSOART00000020470","ENSOARP00000020190"
"892",101113884,"ENSOARG00000018809","ENSOART00000020484","ENSOARP00000020204"
"893",101118334,"ENSOARG00000018890","ENSOART00000020572","ENSOARP00000020292"
"894",101116384,"ENSOARG00000018891","ENSOART00000020575","ENSOARP00000020295"
"895",105613643,"ENSOARG00000018906","ENSOART00000020587","ENSOARP00000020307"
"896",101117223,"ENSOARG00000018913","ENSOART00000020596","ENSOARP00000020316"
"897",NA,"ENSOARG00000018916","ENSOART00000020603","ENSOARP00000020323"
"898",100145856,"ENSOARG00000018930","ENSOART00000020616","ENSOARP00000020336"
"899",100036757,"ENSOARG00000018943","ENSOART00000020626","ENSOARP00000020346"
"900",101123336,"ENSOARG00000019016","ENSOART00000020703","ENSOARP00000020422"
"901",101117366,"ENSOARG00000019041","ENSOART00000020733","ENSOARP00000020451"
"902",NA,"ENSOARG00000019083","ENSOART00000020779","ENSOARP00000020496"
"903",101118877,"ENSOARG00000019090","ENSOART00000020786","ENSOARP00000020503"
"904",NA,"ENSOARG00000019093","ENSOART00000020789","ENSOARP00000020506"
"905",101123199,"ENSOARG00000019095","ENSOART00000020792","ENSOARP00000020509"
"906",NA,"ENSOARG00000019102","ENSOART00000020803","ENSOARP00000020520"
"907",101118186,"ENSOARG00000019122","ENSOART00000020822","ENSOARP00000020539"
"908",101105437,"ENSOARG00000019163","ENSOART00000020869","ENSOARP00000020586"
"909",101104538,"ENSOARG00000019184","ENSOART00000020891","ENSOARP00000020608"
"910",101104538,"ENSOARG00000019184","ENSOART00000020892","ENSOARP00000020609"
"911",NA,"ENSOARG00000019213","ENSOART00000020920","ENSOARP00000020637"
"912",101107857,"ENSOARG00000019231","ENSOART00000020941","ENSOARP00000020657"
"913",101102702,"ENSOARG00000019235","ENSOART00000020945","ENSOARP00000020661"
"914",101118176,"ENSOARG00000019265","ENSOART00000020979","ENSOARP00000020694"
"915",100216462,"ENSOARG00000019329","ENSOART00000021051","ENSOARP00000020765"
"916",100216462,"ENSOARG00000019329","ENSOART00000021052","ENSOARP00000020766"
"917",101122067,"ENSOARG00000019332","ENSOART00000021053","ENSOARP00000020767"
"918",100196905,"ENSOARG00000019333","ENSOART00000021057","ENSOARP00000020771"
"919",101109786,"ENSOARG00000019400","ENSOART00000021127","ENSOARP00000020841"
"920",101110465,"ENSOARG00000019409","ENSOART00000021137","ENSOARP00000020850"
"921",100158235,"ENSOARG00000019441","ENSOART00000021172","ENSOARP00000020882"
"922",101108551,"ENSOARG00000019464","ENSOART00000021197","ENSOARP00000020905"
"923",101110214,"ENSOARG00000019477","ENSOART00000021214","ENSOARP00000020922"
"924",101113054,"ENSOARG00000019515","ENSOART00000021258","ENSOARP00000020966"
"925",101108298,"ENSOARG00000019564","ENSOART00000021307","ENSOARP00000021014"
"926",101111755,"ENSOARG00000019613","ENSOART00000021357","ENSOARP00000021063"
"927",101113406,"ENSOARG00000019659","ENSOART00000021410","ENSOARP00000021116"
"928",NA,"ENSOARG00000019682","ENSOART00000021432","ENSOARP00000021138"
"929",101115198,"ENSOARG00000019691","ENSOART00000021441","ENSOARP00000021146"
"930",101104895,"ENSOARG00000019698","ENSOART00000021451","ENSOARP00000021156"
"931",101115444,"ENSOARG00000019717","ENSOART00000021473","ENSOARP00000021178"
"932",101106222,"ENSOARG00000019768","ENSOART00000021525","ENSOARP00000021230"
"933",101107425,"ENSOARG00000019784","ENSOART00000021542","ENSOARP00000021247"
"934",101106898,"ENSOARG00000019786","ENSOART00000021544","ENSOARP00000021249"
"935",NA,"ENSOARG00000019799","ENSOART00000021560","ENSOARP00000021264"
"936",101112552,"ENSOARG00000019829","ENSOART00000021589","ENSOARP00000021292"
"937",101104852,"ENSOARG00000019883","ENSOART00000021648","ENSOARP00000021348"
"938",101118005,"ENSOARG00000019884","ENSOART00000021649","ENSOARP00000021349"
"939",101118005,"ENSOARG00000019884","ENSOART00000021650","ENSOARP00000021350"
"940",NA,"ENSOARG00000019994","ENSOART00000021767","ENSOARP00000021467"
"941",101111639,"ENSOARG00000019995","ENSOART00000021770","ENSOARP00000021470"
"942",NA,"ENSOARG00000020008","ENSOART00000021784","ENSOARP00000021484"
"943",NA,"ENSOARG00000020018","ENSOART00000021796","ENSOARP00000021495"
"944",101116286,"ENSOARG00000020032","ENSOART00000021811","ENSOARP00000021509"
"945",101122637,"ENSOARG00000020076","ENSOART00000021858","ENSOARP00000021556"
"946",101119941,"ENSOARG00000020076","ENSOART00000021858","ENSOARP00000021556"
"947",101119679,"ENSOARG00000020076","ENSOART00000021858","ENSOARP00000021556"
"948",101119426,"ENSOARG00000020076","ENSOART00000021858","ENSOARP00000021556"
"949",101111915,"ENSOARG00000020076","ENSOART00000021858","ENSOARP00000021556"
"950",101110711,"ENSOARG00000020076","ENSOART00000021858","ENSOARP00000021556"
"951",101110457,"ENSOARG00000020076","ENSOART00000021858","ENSOARP00000021556"
"952",101110185,"ENSOARG00000020076","ENSOART00000021858","ENSOARP00000021556"
"953",101108611,"ENSOARG00000020076","ENSOART00000021858","ENSOARP00000021556"
"954",101108086,"ENSOARG00000020076","ENSOART00000021858","ENSOARP00000021556"
"955",101106041,"ENSOARG00000020076","ENSOART00000021858","ENSOARP00000021556"
"956",101112356,"ENSOARG00000020077","ENSOART00000021859","ENSOARP00000021557"
"957",101112780,"ENSOARG00000020121","ENSOART00000021906","ENSOARP00000021604"
"958",101109585,"ENSOARG00000020131","ENSOART00000021920","ENSOARP00000021618"
"959",101121760,"ENSOARG00000020158","ENSOART00000021949","ENSOARP00000021647"
"960",NA,"ENSOARG00000020176","ENSOART00000021965","ENSOARP00000021663"
"961",101117321,"ENSOARG00000020178","ENSOART00000021970","ENSOARP00000021668"
"962",101117308,"ENSOARG00000020185","ENSOART00000021979","ENSOARP00000021677"
"963",NA,"ENSOARG00000020193","ENSOART00000021996","ENSOARP00000021693"
"964",NA,"ENSOARG00000020194","ENSOART00000021987","ENSOARP00000021685"
"965",100620050,"ENSOARG00000020198","ENSOART00000021991","ENSOARP00000021688"
"966",NA,"ENSOARG00000020214","ENSOART00000022012","ENSOARP00000021709"
"967",NA,"ENSOARG00000020215","ENSOART00000022008","ENSOARP00000021705"
"968",101119698,"ENSOARG00000020289","ENSOART00000022094","ENSOARP00000021790"
"969",780478,"ENSOARG00000020309","ENSOART00000022115","ENSOARP00000021811"
"970",NA,"ENSOARG00000020356","ENSOART00000022167","ENSOARP00000021862"
"971",101101862,"ENSOARG00000020371","ENSOART00000022180","ENSOARP00000021875"
"972",101116151,"ENSOARG00000020387","ENSOART00000022200","ENSOARP00000021895"
"973",101102714,"ENSOARG00000020393","ENSOART00000022204","ENSOARP00000021899"
"974",443320,"ENSOARG00000020393","ENSOART00000022204","ENSOARP00000021899"
"975",101102714,"ENSOARG00000020393","ENSOART00000022206","ENSOARP00000021901"
"976",443320,"ENSOARG00000020393","ENSOART00000022206","ENSOARP00000021901"
"977",101102714,"ENSOARG00000020393","ENSOART00000022207","ENSOARP00000021902"
"978",443320,"ENSOARG00000020393","ENSOART00000022207","ENSOARP00000021902"
"979",NA,"ENSOARG00000020431","ENSOART00000022248","ENSOARP00000021943"
"980",NA,"ENSOARG00000020439","ENSOART00000022258","ENSOARP00000021953"
"981",NA,"ENSOARG00000020443","ENSOART00000022262","ENSOARP00000021957"
"982",NA,"ENSOARG00000020451","ENSOART00000022272","ENSOARP00000021967"
"983",NA,"ENSOARG00000020452","ENSOART00000022273","ENSOARP00000021968"
"984",101115625,"ENSOARG00000020458","ENSOART00000022281","ENSOARP00000021976"
"985",100913162,"ENSOARG00000020463","ENSOART00000022286","ENSOARP00000021981"
"986",101105382,"ENSOARG00000020469","ENSOART00000022292","ENSOARP00000021987"
"987",101116150,"ENSOARG00000020474","ENSOART00000022299","ENSOARP00000021994"
"988",101109847,"ENSOARG00000020481","ENSOART00000022305","ENSOARP00000022000"
"989",100049062,"ENSOARG00000020515","ENSOART00000022346","ENSOARP00000022041"
"990",NA,"ENSOARG00000020522","ENSOART00000022354","ENSOARP00000022049"
"991",101114659,"ENSOARG00000020543","ENSOART00000022379","ENSOARP00000022074"
"992",101114659,"ENSOARG00000020543","ENSOART00000022380","ENSOARP00000022075"
"993",101118404,"ENSOARG00000020572","ENSOART00000022414","ENSOARP00000022109"
"994",NA,"ENSOARG00000020608","ENSOART00000022451","ENSOARP00000022146"
"995",101105803,"ENSOARG00000020626","ENSOART00000022470","ENSOARP00000022165"
"996",101106827,"ENSOARG00000020689","ENSOART00000022542","ENSOARP00000022237"
"997",101106069,"ENSOARG00000020698","ENSOART00000022551","ENSOARP00000022246"
"998",101109757,"ENSOARG00000020707","ENSOART00000022560","ENSOARP00000022255"
"999",NA,"ENSOARG00000020727","ENSOART00000022580","ENSOARP00000022275"
"1000",101108891,"ENSOARG00000020740","ENSOART00000022594","ENSOARP00000022289"
"1001",NA,"ENSOARG00000020799","ENSOART00000022660","ENSOARP00000022355"
"1002",101109432,"ENSOARG00000020808","ENSOART00000022671","ENSOARP00000022366"
"1003",101110748,"ENSOARG00000020838","ENSOART00000022702","ENSOARP00000022396"
"1004",NA,"ENSOARG00000020884","ENSOART00000022753","ENSOARP00000022446"
"1005",101121425,"ENSOARG00000020889","ENSOART00000022759","ENSOARP00000022451"
"1006",101122791,"ENSOARG00000020908","ENSOART00000022779","ENSOARP00000022470"
"1007",101103980,"ENSOARG00000020959","ENSOART00000022834","ENSOARP00000022524"
"1008",101105662,"ENSOARG00000020976","ENSOART00000022852","ENSOARP00000022541"
"1009",101109620,"ENSOARG00000021018","ENSOART00000022901","ENSOARP00000022590"
"1010",101119293,"ENSOARG00000021020","ENSOART00000022900","ENSOARP00000022589"
"1011",101113498,"ENSOARG00000021037","ENSOART00000022919","ENSOARP00000022608"
"1012",101114276,"ENSOARG00000021041","ENSOART00000022925","ENSOARP00000022614"
"1013",101120999,"ENSOARG00000021044","ENSOART00000022928","ENSOARP00000022617"
"1014",NA,"ENSOARG00000021054","ENSOART00000022939","ENSOARP00000022628"
"1015",101117422,"ENSOARG00000021076","ENSOART00000022962","ENSOARP00000022650"
"1016",101120208,"ENSOARG00000021077","ENSOART00000022963","ENSOARP00000022651"
"1017",101105574,"ENSOARG00000021134","ENSOART00000023028","ENSOARP00000022715"
"1018",101118878,"ENSOARG00000021138","ENSOART00000023033","ENSOARP00000022720"
"1019",101117589,"ENSOARG00000021181","ENSOART00000023080","ENSOARP00000022766"
"1020",NA,"ENSOARG00000021182","ENSOART00000023081","ENSOARP00000022767"
"1021",101118957,"ENSOARG00000021185","ENSOART00000023084","ENSOARP00000022770"
"1022",NA,"ENSOARG00000021200","ENSOART00000023102","ENSOARP00000022787"
"1023",NA,"ENSOARG00000021491","ENSOART00000023393",""
"1024",NA,"ENSOARG00000021677","ENSOART00000023579",""
"1025",NA,"ENSOARG00000021920","ENSOART00000023822",""
"1026",NA,"ENSOARG00000022544","ENSOART00000024446",""
"1027",NA,"ENSOARG00000023147","ENSOART00000025049",""
"1028",NA,"ENSOARG00000023271","ENSOART00000025173",""
"1029",NA,"ENSOARG00000023487","ENSOART00000025389",""
"1030",NA,"ENSOARG00000023519","ENSOART00000025421",""
"1031",NA,"ENSOARG00000023715","ENSOART00000025617",""
"1032",NA,"ENSOARG00000024669","ENSOART00000026571",""
"1033",NA,"ENSOARG00000024786","ENSOART00000026688",""
"1034",101107954,"ENSOARG00000025169","ENSOART00000027071","ENSOARP00000022795"
"1035",NA,"ENSOARG00000025214","ENSOART00000027117",""
"1036",NA,"ENSOARG00000025296","ENSOART00000027205",""
"1037",NA,"ENSOARG00000025305","ENSOART00000027214",""
"1038",NA,"ENSOARG00000025412","ENSOART00000027330",""
"1039",NA,"ENSOARG00000025549","ENSOART00000027478",""
"1040",NA,"ENSOARG00000025690","ENSOART00000027630",""
"1041",NA,"ENSOARG00000025698","ENSOART00000027639",""
"1042",NA,"ENSOARG00000025761","ENSOART00000027720",""
"1043",NA,"ENSOARG00000025783","ENSOART00000027744",""
"1044",NA,"ENSOARG00000025788","ENSOART00000027749",""
"1045",NA,"ENSOARG00000025788","ENSOART00000027750",""
"1046",NA,"ENSOARG00000025935","ENSOART00000027908",""
"1047",NA,"ENSOARG00000026123","ENSOART00000028110",""
"1048",NA,"ENSOARG00000026243","ENSOART00000028239",""
"1049",NA,"ENSOARG00000026272","ENSOART00000028271",""
"1050",NA,"ENSOARG00000026322","ENSOART00000028323",""
"1051",NA,"ENSOARG00000026484","ENSOART00000028498",""
"1052",NA,"ENSOARG00000026484","ENSOART00000028499",""
"1053",NA,"ENSOARG00000026516","ENSOART00000028534",""
"1054",NA,"ENSOARG00000026638","ENSOART00000028664",""
"1055",NA,"ENSOARG00000026693","ENSOART00000028720",""
"1056",NA,"ENSOARG00000026693","ENSOART00000028721",""
"1057",NA,"ENSOARG00000026946","ENSOART00000028994",""
"1058",NA,"ENSOARG00000026946","ENSOART00000028995",""
"1059",NA,"ENSOARG00000026946","ENSOART00000028996",""
